,ID,Sequence,HLA,length,HLA_2fields,remaining_fields
0,HLA:HLA00001,MAVMAPRTLLLLLSGALALTQTWAGSHSMRYFFTSVSRPGRGEPRFIAVGYVDDTQFVRFDSDAASQKMEPRAPWIEQEGPEYWDQETRNMKAHSQTDRANLGTLRGYYNQSEDGSHTIQIMYGCDVGPDGRFLRGYRQDAYDGKDYIALNEDLRSWTAADMAAQITKRKWEAVHAAEQRRVYLEGRCVDGLRRYLENGKETLQRTDPPKTHMTHHPISDHEATLRCWALGFYPAEITLTWQRDGEDQTQDTELVETRPAGDGTFQKWAAVVVPSGEEQRYTCHVQHEGLPKPLTLRWELSSQPTIPIVGIIAGLVLLGAVITGAVVAAVMWRRKSSDRKGGSYTQAASSDSAQGSDVSLTACKV,A*01:01:01:01,365,HLA-A*01:01,01:01
1,HLA:HLA00005,MAVMAPRTLVLLLSGALALTQTWAGSHSMRYFFTSVSRPGRGEPRFIAVGYVDDTQFVRFDSDAASQRMEPRAPWIEQEGPEYWDGETRKVKAHSQTHRVDLGTLRGYYNQSEAGSHTVQRMYGCDVGSDWRFLRGYHQYAYDGKDYIALKEDLRSWTAADMAAQTTKHKWEAAHVAEQLRAYLEGTCVEWLRRYLENGKETLQRTDAPKTHMTHHAVSDHEATLRCWALSFYPAEITLTWQRDGEDQTQDTELVETRPAGDGTFQKWAAVVVPSGQEQRYTCHVQHEGLPKPLTLRWEPSSQPTIPIVGIIAGLVLFGAVITGAVVAAVMWRRKSSDRKGGSYSQAASSDSAQGSDVSLTACKV,A*02:01:01:01,365,HLA-A*02:01,01:01
2,HLA:HLA00007,MAVMAPRTLVLLLSGALALTQTWAGSHSMRYFFTSVSRPGRGEPRFIAVGYVDDTQFVRFDSDAASRRMEPRAPWIEQEGPEYWDGETRKVKAHSQTHRVDLGTLRGYYNQSEAGSHTLQRMYGCDVGSDWRFLRGYHQYAYDGKDYIALKEDLRSWTAADMAAQTTKHKWEAAHVAEQWRAYLEGTCVEWLRRYLENGKETLQRTDAPKTHMTHHAVSDHEATLRCWALSFYPAEITLTWQRDGEDQTQDTELVETRPAGDGTFQKWAAVVVPSGQEQRYTCHVQHEGLPKPLTLRWEPSSQPTIPIVGIIAGLVLFGAVITGAVVAAVMWRRKSSDRKGGSYSQAASSDSAQGSDVSLTACKV,A*02:02:01:01,365,HLA-A*02:02,01:01
3,HLA:HLA00008,MAVMAPRTLVLLLSGALALTQTWAGSHSMRYFFTSVSRPGRGEPRFIAVGYVDDTQFVRFDSDAASQRMEPRAPWIEQEGPEYWDGETRKVKAHSQTHRVDLGTLRGYYNQSEAGSHTVQRMYGCDVGSDWRFLRGYHQYAYDGKDYIALKEDLRSWTAADMAAQTTKHKWETAHEAEQWRAYLEGTCVEWLRRYLENGKETLQRTDAPKTHMTHHAVSDHEATLRCWALSFYPAEITLTWQRDGEDQTQDTELVETRPAGDGTFQKWAAVVVPSGQEQRYTCHVQHEGLPKPLTLRWEPSSQPTIPIVGIIAGLVLFGAVITGAVVAAVMWRRKSSDRKGGSYSQAASSDSAQGSDVSLTACKV,A*02:03:01:01,365,HLA-A*02:03,01:01
4,HLA:HLA00009,MAVMAPRTLVLLLSGALALTQTWAGSHSMRYFFTSVSRPGRGEPRFIAVGYVDDTQFVRFDSDAASQRMEPRAPWIEQEGPEYWDGETRKVKAHSQTHRVDLGTLRGYYNQSEAGSHTVQMMYGCDVGSDWRFLRGYHQYAYDGKDYIALKEDLRSWTAADMAAQTTKHKWEAAHVAEQLRAYLEGTCVEWLRRYLENGKETLQRTDAPKTHMTHHAVSDHEATLRCWALSFYPAEITLTWQRDGEDQTQDTELVETRPAGDGTFQKWAAVVVPSGQEQRYTCHVQHEGLPKPLTLRWEPSSQPTIPIVGIIAGLVLFGAVITGAVVAAVMWRRKSSDRKGGSYSQAASSDSAQGSDVSLTACKV,A*02:04:01,365,HLA-A*02:04,01
5,HLA:HLA00010,MAVMAPRTLVLLLSGALALTQTWAGSHSMRYFYTSVSRPGRGEPRFIAVGYVDDTQFVRFDSDAASRRMEPRAPWIEQEGPEYWDGETRKVKAHSQTHRVDLGTLRGYYNQSEAGSHTLQRMYGCDVGSDWRFLRGYHQYAYDGKDYIALKEDLRSWTAADMAAQTTKHKWEAAHVAEQWRAYLEGTCVEWLRRYLENGKETLQRTDAPKTHMTHHAVSDHEATLRCWALSFYPAEITLTWQRDGEDQTQDTELVETRPAGDGTFQKWAAVVVPSGQEQRYTCHVQHEGLPKPLTLRWEPSSQPTIPIVGIIAGLVLFGAVITGAVVAAVMWRRKSSDRKGGSYSQAASSDSAQGSDVSLTACKV,A*02:05:01:01,365,HLA-A*02:05,01:01
6,HLA:HLA00011,MAVMAPRTLVLLLSGALALTQTWAGSHSMRYFYTSVSRPGRGEPRFIAVGYVDDTQFVRFDSDAASQRMEPRAPWIEQEGPEYWDGETRKVKAHSQTHRVDLGTLRGYYNQSEAGSHTVQRMYGCDVGSDWRFLRGYHQYAYDGKDYIALKEDLRSWTAADMAAQTTKHKWEAAHVAEQLRAYLEGTCVEWLRRYLENGKETLQRTDAPKTHMTHHAVSDHEATLRCWALSFYPAEITLTWQRDGEDQTQDTELVETRPAGDGTFQKWAAVVVPSGQEQRYTCHVQHEGLPKPLTLRWEPSSQPTIPIVGIIAGLVLFGAVITGAVVAAVMWRRKSSDRKGGSYSQAASSDSAQGSDVSLTACKV,A*02:06:01:01,365,HLA-A*02:06,01:01
7,HLA:HLA00012,MAVMAPRTLVLLLSGALALTQTWAGSHSMRYFFTSVSRPGRGEPRFIAVGYVDDTQFVRFDSDAASQRMEPRAPWIEQEGPEYWDGETRKVKAHSQTHRVDLGTLRGYYNQSEAGSHTVQRMCGCDVGSDWRFLRGYHQYAYDGKDYIALKEDLRSWTAADMAAQTTKHKWEAAHVAEQLRAYLEGTCVEWLRRYLENGKETLQRTDAPKTHMTHHAVSDHEATLRCWALSFYPAEITLTWQRDGEDQTQDTELVETRPAGDGTFQKWAAVVVPSGQEQRYTCHVQHEGLPKPLTLRWEPSSQPTIPIVGIIAGLVLFGAVITGAVVAAVMWRRKSSDRKGGSYSQAASSDSAQGSDVSLTACKV,A*02:07:01:01,365,HLA-A*02:07,01:01
8,HLA:HLA00013,MAVMAPRTLVLLLSGALALTQTWAGSHSMRYFYTSVSRPGRGEPRFIAVGYVDDTQFVRFDSDAASRRMEPRAPWIEQEGPEYWDGETRNVKAHSQTHRVDLGTLRGYYNQSEAGSHTLQRMYGCDVGSDWRFLRGYHQYAYDGKDYIALKEDLRSWTAADMAAQTTKHKWEAAHVAEQWRAYLEGTCVEWLRRYLENGKETLQRTDAPKTHMTHHAVSDHEATLRCWALSFYPAEITLTWQRDGEDQTQDTELVETRPAGDGTFQKWAAVVVPSGQEQRYTCHVQHEGLPKPLTLRWEPSSQPTIPIVGIIAGLVLFGAVITGAVVAAVMWRRKSSDRKGGSYSQAASSDSAQGSDVSLTACKV,A*02:08:01,365,HLA-A*02:08,01
9,HLA:HLA00014,MAVMAPRTLVLLLSGALALTQTWAGSHSMRYFFTSVSRPGRGEPRFIAVGYVDDTQFVRFDSDAASQRMEPRAPWIEQEGPEYWDGETRKVKAHSQTHRVDLGTLRGYYNQSEAGSHTVQRMYGCDVGSDWRFLRGYHQYAYDGKDYIALKEDLRSWTAADMAAQTTKHKWEAAHVAEQLRAYLEGTCVEWLRRYLENGKETLQRTDAPKTHMTHHAVSDHEATLRCWALSFYPAEITLTWQRDGEDQTQDTELVETRPEGDGTFQKWAAVVVPSGQEQRYTCHVQHEGLPKPLTLRWEPSSQPTIPIVGIIAGLVLFGAVITGAVVAAVMWRRKSSDRKGGSYSQAASSDSAQGSDVSLTACKV,A*02:09:01:01,365,HLA-A*02:09,01:01
10,HLA:HLA00016,MAVMAPRTLVLLLSGALALTQTWAGSHSMRYFFTSVSRPGRGEPRFIAVGYVDDTQFVRFDSDAASQRMEPRAPWIEQEGPEYWDGETRKVKAHSQIDRVDLGTLRGYYNQSEAGSHTVQRMYGCDVGSDWRFLRGYHQYAYDGKDYIALKEDLRSWTAADMAAQTTKHKWEAAHVAEQLRAYLEGTCVEWLRRYLENGKETLQRTDAPKTHMTHHAVSDHEATLRCWALSFYPAEITLTWQRDGEDQTQDTELVETRPAGDGTFQKWAAVVVPSGQEQRYTCHVQHEGLPKPLTLRWEPSSQPTIPIVGIIAGLVLFGAVITGAVVAAVMWRRKSSDRKGGSYSQAASSDSAQGSDVSLTACKV,A*02:11:01:01,365,HLA-A*02:11,01:01
11,HLA:HLA00037,MAVMAPRTLLLLLSGALALTQTWAGSHSMRYFFTSVSRPGRGEPRFIAVGYVDDTQFVRFDSDAASQRMEPRAPWIEQEGPEYWDQETRNVKAQSQTDRVDLGTLRGYYNQSEAGSHTIQIMYGCDVGSDGRFLRGYRQDAYDGKDYIALNEDLRSWTAADMAAQITKRKWEAAHEAEQLRAYLDGTCVEWLRRYLENGKETLQRTDPPKTHMTHHPISDHEATLRCWALGFYPAEITLTWQRDGEDQTQDTELVETRPAGDGTFQKWAAVVVPSGEEQRYTCHVQHEGLPKPLTLRWELSSQPTIPIVGIIAGLVLLGAVITGAVVAAVMWRRKSSDRKGGSYTQAASSDSAQGSDVSLTACKV,A*03:01:01:01,365,HLA-A*03:01,01:01
12,HLA:HLA00040,MAVMAPRTLLLLLSGALALTQTWAGSHSMRYFFTSVSRPGRGEPRFIAVGYVDDTQFVRFDSDAASQRMEPRAPWIEQEGPEYWDQETRNVKAQSQTDRVDLGTLRGYYNQSEAGSHTIQIMYGCDVGSDGRFLRGYRQDAYDGKDYIALNEDLRSWTAADMAAQITKRKWEAAHVAEQQRAYLDGTCVEWLRRYLENGKETLQRTDPPKTHMTHHPISDHEATLRCWALGFYPAEITLTWQRDGEDQTQDTELVETRPAGDGTFQKWAAVVVPSGEEQRYTCHVQHEGLPKPLTLRWELSSQPTIPIVGIIAGLVLLGAVITGAVVAAVMWRRKSSDRKGGSYTQAASSDSAQGSDVSLTACKV,A*03:02:01:01,365,HLA-A*03:02,01:01
13,HLA:HLA00043,MAVMAPRTLLLLLSGALALTQTWAGSHSMRYFYTSVSRPGRGEPRFIAVGYVDDTQFVRFDSDAASQRMEPRAPWIEQEGPEYWDQETRNVKAQSQTDRVDLGTLRGYYNQSEDGSHTIQIMYGCDVGPDGRFLRGYRQDAYDGKDYIALNEDLRSWTAADMAAQITKRKWEAAHAAEQQRAYLEGRCVEWLRRYLENGKETLQRTDPPKTHMTHHPISDHEATLRCWALGFYPAEITLTWQRDGEDQTQDTELVETRPAGDGTFQKWAAVVVPSGEEQRYTCHVQHEGLPKPLTLRWELSSQPTIPIVGIIAGLVLLGAVITGAVVAAVMWRRKSSDRKGGSYTQAASSDSAQGSDVSLTACKV,A*11:01:01:01,365,HLA-A*11:01,01:01
14,HLA:HLA00044,MAVMAPRTLLLLLSGALALTQTWAGSHSMRYFYTSVSRPGRGKPRFIAVGYVDDTQFVRFDSDAASQRMEPRAPWIEQEGPEYWDQETRNVKAQSQTDRVDLGTLRGYYNQSEDGSHTIQIMYGCDVGPDGRFLRGYRQDAYDGKDYIALNEDLRSWTAADMAAQITKRKWEAAHAAEQQRAYLEGRCVEWLRRYLENGKETLQRTDPPKTHMTHHPISDHEATLRCWALGFYPAEITLTWQRDGEDQTQDTELVETRPAGDGTFQKWAAVVVPSGEEQRYTCHVQHEGLPKPLTLRWELSSQPTIPIVGIIAGLVLLGAVITGAVVAAVMWRRKSSDRKGGSYTQAASSDSAQGSDVSLTACKV,A*11:02:01:01,365,HLA-A*11:02,01:01
15,HLA:HLA00048,MAVMAPRTLVLLLSGALALTQTWAGSHSMRYFSTSVSRPGRGEPRFIAVGYVDDTQFVRFDSDAASQRMEPRAPWIEQEGPEYWDEETGKVKAHSQTDRENLRIALRYYNQSEAGSHTLQMMFGCDVGSDGRFLRGYHQYAYDGKDYIALKEDLRSWTAADMAAQITQRKWEAARVAEQLRAYLEGTCVDGLRRYLENGKETLQRTDPPKTHMTHHPISDHEATLRCWALGFYPAEITLTWQRDGEDQTQDTELVETRPAGDGTFQKWAAVVVPSGEEQRYTCHVQHEGLPKPLTLRWEPSSQPTVHIVGIIAGLVLLGAVITGAVVAAVMWRRNSSDRKGGSYSQAASSDSAQGSDVSLTACKV,A*23:01:01:01,365,HLA-A*23:01,01:01
16,HLA:HLA00050,MAVMAPRTLVLLLSGALALTQTWAGSHSMRYFSTSVSRPGRGEPRFIAVGYVDDTQFVRFDSDAASQRMEPRAPWIEQEGPEYWDEETGKVKAHSQTDRENLRIALRYYNQSEAGSHTLQMMFGCDVGSDGRFLRGYHQYAYDGKDYIALKEDLRSWTAADMAAQITKRKWEAAHVAEQQRAYLEGTCVDGLRRYLENGKETLQRTDPPKTHMTHHPISDHEATLRCWALGFYPAEITLTWQRDGEDQTQDTELVETRPAGDGTFQKWAAVVVPSGEEQRYTCHVQHEGLPKPLTLRWEPSSQPTVPIVGIIAGLVLLGAVITGAVVAAVMWRRNSSDRKGGSYSQAASSDSAQGSDVSLTACKV,A*24:02:01:01,365,HLA-A*24:02,01:01
17,HLA:HLA00053,MAVMAPRTLVLLLSGALALTQTWAGSHSMRYFSTSVSRPGRGEPRFIAVGYVDDTQFVRFDSDAASQRMEPRAPWIEQEGPEYWDEETGKVKAHSQTDRENLRIALRYYNQSEAGSHTLQMMFGCDVGSDGRFLRGYHQYAYDGKDYIALKEDLRSWTAADMAAQITKRKWEAAHVAEQQRAYLEGTCVEWLRRYLENGKETLQRTDPPKTHMTHHPISDHEATLRCWALGFYPAEITLTWQRDGEDQTQDTELVETRPAGDGTFQKWAAVVVPSGEEQRYTCHVQHEGLPKPLTLRWEPSSQPTVPIVGIIAGLVLLGAVITGAVVAAVMWRRNSSDRKGGSYSQAASSDSAQGSDVSLTACKV,A*24:03:01:01,365,HLA-A*24:03,01:01
18,HLA:HLA00071,MAVMAPRTLVLLLSGALALTQTWAGSHSMRYFYTSVSRPGRGEPRFIAVGYVDDTQFVRFDSDAASQRMEPRAPWIEQEGPEYWDRNTRNVKAHSQTDRESLRIALRYYNQSEDGSHTIQRMYGCDVGPDGRFLRGYQQDAYDGKDYIALNEDLRSWTAADMAAQITQRKWETAHEAEQWRAYLEGRCVEWLRRYLENGKETLQRTDAPKTHMTHHAVSDHEATLRCWALSFYPAEITLTWQRDGEDQTQDTELVETRPAGDGTFQKWASVVVPSGQEQRYTCHVQHEGLPKPLTLRWEPSSQPTIPIVGIIAGLVLFGAVIAGAVVAAVMWRRKSSDRKGGSYSQAASSDSAQGSDMSLTACKV,A*25:01:01:01,365,HLA-A*25:01,01:01
19,HLA:HLA00073,MAVMAPRTLVLLLSGALALTQTWAGSHSMRYFYTSVSRPGRGEPRFIAVGYVDDTQFVRFDSDAASQRMEPRAPWIEQEGPEYWDRNTRNVKAHSQTDRANLGTLRGYYNQSEDGSHTIQRMYGCDVGPDGRFLRGYQQDAYDGKDYIALNEDLRSWTAADMAAQITQRKWETAHEAEQWRAYLEGRCVEWLRRYLENGKETLQRTDAPKTHMTHHAVSDHEATLRCWALSFYPAEITLTWQRDGEDQTQDTELVETRPAGDGTFQKWASVVVPSGQEQRYTCHVQHEGLPKPLTLRWEPSSQPTIPIVGIIAGLVLFGAVIAGAVVAAVMWRRKSSDRKGGSYSQAASSDSAQGSDMSLTACKV,A*26:01:01:01,365,HLA-A*26:01,01:01
20,HLA:HLA00074,MAVMAPRTLVLLLSGALALTQTWAGSHSMRYFYTSVSRPGRGEPRFIAVGYVDDTQFVRFDSDAASQRMEPRAPWIEQEGPEYWDRNTRNVKAHSQTDRANLGTLRGYYNQSEDGSHTIQRMYGCDVGPDGRFLRGYQQNAYDGKDYIALNEDLRSWTAADMAAQITQRKWETAHEAEQWRAYLEGRCVEWLRRYLENGKETLQRTDAPKTHMTHHAVSDHEATLRCWALSFYPAEITLTWQRDGEDQTQDTELVETRPAGDGTFQKWASVVVPSGQEQRYTCHVQHEGLPKPLTLRWEPSSQPTIPIVGIIAGLVLFGAVIAGAVVAAVMWRRKSSDRKGGSYSQAASSDSAQGSDMSLTACKV,A*26:02:01,365,HLA-A*26:02,01
21,HLA:HLA00075,MAVMAPRTLVLLLSGALALTQTWAGSHSMRYFYTSVSRPGRGEPRFIAVGYVDDTQFVRFDSDAASQRMEPRAPWIEQEGPEYWDRNTRNVKAHSQTHRVDLGTLRGYYNQSEDGSHTIQRMYGCDVGPDGRFLRGYQQDAYDGKDYIALNEDLRSWTAADMAAQITQRKWETAHEAEQWRAYLEGRCVEWLRRYLENGKETLQRTDAPKTHMTHHAVSDHEATLRCWALSFYPAEITLTWQRDGEDQTQDTELVETRPAGDGTFQKWASVVVPSGQEQRYTCHVQHEGLPKPLTLRWEPSSQPTIPIVGIIAGLVLFGAVIAGAVVAAVMWRRKSSDRKGGSYSQAASSDSAQGSDMSLTACKV,A*26:03:01:01,365,HLA-A*26:03,01:01
22,HLA:HLA00086,MAVMAPRTLLLLLLGALALTQTWAGSHSMRYFTTSVSRPGRGEPRFIAVGYVDDTQFVRFDSDAASQRMEPRAPWIEQEGPEYWDLQTRNVKAQSQTDRANLGTLRGYYNQSEAGSHTIQMMYGCDVGSDGRFLRGYRQDAYDGKDYIALNEDLRSWTAADMAAQITQRKWEAARVAEQLRAYLEGTCVEWLRRYLENGKETLQRTDAPKTHMTHHAVSDHEATLRCWALSFYPAEITLTWQRDGEDQTQDTELVETRPAGDGTFQKWASVVVPSGQEQRYTCHVQHEGLPKPLTLRWEPSSQPTIPIVGIIAGLVLFGAVFAGAVVAAVRWRRKSSDRKGGSYSQAASSDSAQGSDMSLTACKV,A*29:02:01:01,365,HLA-A*29:02,01:01
23,HLA:HLA00089,MAVMAPRTLLLLLSGALALTQTWAGSHSMRYFSTSVSRPGSGEPRFIAVGYVDDTQFVRFDSDAASQRMEPRAPWIEQERPEYWDQETRNVKAQSQTDRVDLGTLRGYYNQSEAGSHTIQIMYGCDVGSDGRFLRGYEQHAYDGKDYIALNEDLRSWTAADMAAQITQRKWEAARWAEQLRAYLEGTCVEWLRRYLENGKETLQRTDPPKTHMTHHPISDHEATLRCWALGFYPAEITLTWQRDGEDQTQDTELVETRPAGDGTFQKWAAVVVPSGEEQRYTCHVQHEGLPKPLTLRWELSSQPTIPIVGIIAGLVLLGAVITGAVVAAVMWRRKSSDRKGGSYTQAASSDSAQGSDVSLTACKV,A*30:01:01:01,365,HLA-A*30:01,01:01
24,HLA:HLA00090,MAVMAPRTLLLLLSGALALTQTWAGSHSMRYFSTSVSRPGSGEPRFIAVGYVDDTQFVRFDSDAASQRMEPRAPWIEQERPEYWDQETRNVKAHSQTDRENLGTLRGYYNQSEAGSHTIQIMYGCDVGSDGRFLRGYEQHAYDGKDYIALNEDLRSWTAADMAAQITQRKWEAARRAEQLRAYLEGTCVEWLRRYLENGKETLQRTDPPKTHMTHHPISDHEATLRCWALGFYPAEITLTWQRDGEDQTQDTELVETRPAGDGTFQKWAAVVVPSGEEQRYTCHVQHEGLPKPLTLRWELSSQPTIPIVGIIAGLVLLGAVITGAVVAAVMWRRKSSDRKGGSYTQAASSDSAQGSDVSLTACKV,A*30:02:01:01,365,HLA-A*30:02,01:01
25,HLA:HLA00092,MAVMAPRTLLLLLSGALALTQTWAGSHSMRYFSTSVSRPGSGEPRFIAVGYVDDTQFVRFDSDAASQRMEPRAPWIEQERPEYWDQETRNVKAHSQTDRENLGTLRGYYNQSEAGSHTIQIMYGCDVGSDGRFLRGYEQHAYDGKDYIALNEDLRSWTAADMAAQITQRKWEAAHVAEQWRAYLEGTCVEWLRRYLENGKETLQRTDPPKTHMTHHPISDHEATLRCWALGFYPAEITLTWQRDGEDQTQDTELVETRPAGDGTFQKWAAVVVPSGEEQRYTCHVQHEGLPKPLTLRWELSSQPTIPIVGIIAGLVLLGAVITGAVVAAVMWRRKSSDRKGGSYTQAASSDSAQGSDVSLTACKV,A*30:04:01:01,365,HLA-A*30:04,01:01
26,HLA:HLA00101,MAVMAPRTLLLLLLGALALTQTWAGSHSMRYFFTSVSRPGRGEPRFIAVGYVDDTQFVRFDSDAASQRMEPRAPWIEQEGPEYWDQETRNVKAHSQTDRESLRIALRYYNQSEAGSHTIQMMYGCDVGPDGRLLRGYQQDAYDGKDYIALNEDLRSWTAADMAAQITQRKWEAARVAEQLRAYLEGTCVEWLRRYLENGKETLQRTDAPKTHMTHHAVSDHEATLRCWALSFYPAEITLTWQRDGEDQTQDTELVETRPAGDGTFQKWASVVVPSGQEQRYTCHVQHEGLPKPLTLRWEPSSQPTIPIVGIIAGLVLFGAMFAGAVVAAVRWRRKSSDRKGGSYSQAASSDSAQGSDMSLTACKV,A*32:01:01:01,365,HLA-A*32:01,01:01
27,HLA:HLA00104,MAVMAPRTLLLLLLGALALTQTWAGSHSMRYFTTSVSRPGRGEPRFIAVGYVDDTQFVRFDSDAASQRMEPRAPWIEQEGPEYWDRNTRNVKAHSQIDRVDLGTLRGYYNQSEAGSHTIQMMYGCDVGSDGRFLRGYQQDAYDGKDYIALNEDLRSWTAADMAAQITQRKWEAARVAEQLRAYLEGTCVEWLRRHLENGKETLQRTDPPRTHMTHHAVSDHEATLRCWALSFYPAEITLTWQRDGEDQTQDTELVETRPAGDGTFQKWASVVVPSGQEQRYTCHVQHEGLPKPLTLRWEPSSQPTIPIVGIIAGLVLFGAVFAGAVVAAVRWRRKSSDRKGGSYSQAASSDSAQGSDMSLTACKV,A*33:01:01:01,365,HLA-A*33:01,01:01
28,HLA:HLA00106,MAVMAPRTLLLLLLGALALTQTWAGSHSMRYFTTSVSRPGRGEPRFIAVGYVDDTQFVRFDSDAASQRMEPRAPWIEQEGPEYWDRNTRNVKAHSQIDRVDLGTLRGYYNQSEAGSHTIQMMYGCDVGSDGRFLRGYQQDAYDGKDYIALNEDLRSWTAADMAAQITQRKWEAARVAEQLRAYLEGTCVEWLRRYLENGKETLQRTDPPKTHMTHHAVSDHEATLRCWALSFYPAEITLTWQRDGEDQTQDTELVETRPAGDGTFQKWASVVVPSGQEQRYTCHVQHEGLPKPLTLRWEPSSQPTIPIVGIIAGLVLFGAVFAGAVVAAVRWRRKSSDRKGGSYSQAASSDSAQGSDMSLTACKV,A*33:03:01:01,365,HLA-A*33:03,01:01
29,HLA:HLA00112,MAVMAPRTLVLLLSGALALTQTWAGSHSMRYFYTSVSRPGRGEPRFIAVGYVDDTQFVRFDSDAASQRMEPRAPWIEQEGPEYWDRNTRNVKAQSQTDRVDLGTLRGYYNQSEDGSHTIQRMYGCDVGPDGRFLRGYQQDAYDGKDYIALNEDLRSWTAADMAAQITQRKWETAHEAEQWRAYLEGRCVEWLRRYLENGKETLQRTDAPKTHMTHHAVSDHEATLRCWALSFYPAEITLTWQRDGEDQTQDTELVETRPAGDGTFQKWASVVVPSGQEQRYTCHVQHEGLPKPLTLRWEPSSQPTIPIVGIIAGLVLFGAVIAGAVVAAVMWRRKSSDRKGGSYSQAASSDSAQGSDMSLTACKV,A*66:01:01:01,365,HLA-A*66:01,01:01
30,HLA:HLA00115,MAVMAPRTLVLLLSGALALTQTWAGSHSMRYFYTSVSRPGRGEPRFIAVGYVDDTQFVRFDSDAASQRMEPRAPWIEQEGPEYWDRNTRNVKAQSQTDRVDLGTLRGYYNQSEAGSHTIQMMYGCDVGSDGRFLRGYRQDAYDGKDYIALKEDLRSWTAADMAAQTTKHKWEAAHVAEQWRAYLEGTCVEWLRRYLENGKETLQRTDAPKTHMTHHAVSDHEATLRCWALSFYPAEITLTWQRDGEDQTQDTELVETRPAGDGTFQKWVAVVVPSGQEQRYTCHVQHEGLPKPLTLRWEPSSQPTIPIVGIIAGLVLFGAVITGAVVAAVMWRRKSSDRKGGSYSQAASSDSAQGSDVSLTACKV,A*68:01:01:01,365,HLA-A*68:01,01:01
31,HLA:HLA00117,MAVMAPRTLVLLLSGALALTQTWAGSHSMRYFYTSMSRPGRGEPRFIAVGYVDDTQFVRFDSDAASQRMEPRAPWIEQEGPEYWDRNTRNVKAQSQTDRVDLGTLRGYYNQSEAGSHTIQRMYGCDVGPDGRFLRGYHQYAYDGKDYIALKEDLRSWTAADMAAQTTKHKWEAAHVAEQWRAYLEGTCVEWLRRYLENGKETLQRTDAPKTHMTHHAVSDHEATLRCWALSFYPAEITLTWQRDGEDQTQDTELVETRPAGDGTFQKWVAVVVPSGQEQRYTCHVQHEGLPKPLTLRWEPSSQPTIPIVGIIAGLVLFGAVITGAVVAAVMWRRKSSDRKGGSYSQAASSDSAQGSDVSLTACKV,A*68:02:01:01,365,HLA-A*68:02,01:01
32,HLA:HLA00126,MAVMAPRTLVLLLSGALALTQTWAGSHSMRYFYTSVSRPGRGEPRFIAVGYVDDTQFVRFDSDAASQRMEPRAPWIEQEGPEYWDRNTRNVKAQSQTDRVDLGTLRGYYNQSEAGSHTVQRMYGCDVGSDWRFLRGYHQYAYDGKDYIALKEDLRSWTAADMAAQTTKHKWEAAHVAEQLRAYLEGTCVEWLRRYLENGKETLQRTDAPKTHMTHHAVSDHEATLRCWALSFYPAEITLTWQRDGEDQTQDTELVETRPAGDGTFQKWAAVVVPSGQEQRYTCHVQHEGLPKPLTLRWEPSSQPTIPIVGIIAGLVLFGAVITGAVVAAVMWRRKSSDRKGGSYSQAASSDSAQGSDVSLTACKV,A*69:01:01:01,365,HLA-A*69:01,01:01
33,HLA:HLA00127,MAVMAPRTLLLLLLGALALTQTRAGSHSMRYFFTSVSRPGRGEPRFIAVGYVDDTQFVRFDSDAASQRMEPRAPWIEQEGPEYWDQETRNVKAHSQTDRVDLGTLRGYYNQSEAGSHTIQMMYGCDVGPDGRLLRGYQQDAYDGKDYIALNEDLRSWTAADMAAQITQRKWEAARVAEQLRAYLEGTCVEWLRRYLENGKETLQRTDAPKTHMTHHAVSDHEATLRCWALSFYPAEITLTWQRDGEDQTQDTELVETRPAGDGTFQKWASVVVPSGQEQRYTCHVQHEGLPKPLTLRWEPSSQPTIPIVGIIAGLVLFGAMFAGAVVAAVRWRRKSSDRKGGSYSQAASSDSAQGSDMSLTACKV,A*74:01:01:01,365,HLA-A*74:01,01:01
34,HLA:HLA00130,MAVMPPRTLLLLLSGALALTQTWAGSHSMRYFFTSVSRPGRGEPRFIAVGYVDDSQFVQFDSDAASQRMEPRAPWIEQEEPEYWDEETRNVKAHSQTNRANLGTLRGYYNQSEDGSHTIQIMYGCDVGSDGRFLRGYRQDAYDGKDYIALNEDLRSWTAADMAAQITKRKWEAARRAEQLRAYLEGECVDGLRRYLENGKETLQRTDPPKTHMTHHPISDHEATLRCWALSFYPAEITLTWQRDGEDQTQDTELVETRPAGDGTFQKWAAVVVPSGKEKRYTCHVQHEGLPEPLTLRWEPSSQPTIPIVGIIAGLVLLGAVIAGAVVAAVMWRKKSSVRKGGSYSQAASSDSAQGSDVSLTACKV,A*80:01:01:01,365,HLA-A*80:01,01:01
35,HLA:HLA00132,MLVMAPRTVLLLLSAALALTETWAGSHSMRYFYTSVSRPGRGEPRFISVGYVDDTQFVRFDSDAASPREEPRAPWIEQEGPEYWDRNTQIYKAQAQTDRESLRNLRGYYNQSEAGSHTLQSMYGCDVGPDGRLLRGHDQYAYDGKDYIALNEDLRSWTAADTAAQITQRKWEAAREAEQRRAYLEGECVEWLRRYLENGKDKLERADPPKTHVTHHPISDHEATLRCWALGFYPAEITLTWQRDGEDQTQDTELVETRPAGDRTFQKWAAVVVPSGEEQRYTCHVQHEGLPKPLTLRWEPSSQSTVPIVGIVAGLAVLAVVVIGAVVAAVMCRRKSSGGKGGSYSQAACSDSAQGSDVSLTA,B*07:02:01:01,362,HLA-B*07:02,01:01
36,HLA:HLA00146,MLVMAPRTVLLLLSAALALTETWAGSHSMRYFDTAMSRPGRGEPRFISVGYVDDTQFVRFDSDAASPREEPRAPWIEQEGPEYWDRNTQIFKTNTQTDRESLRNLRGYYNQSEAGSHTLQSMYGCDVGPDGRLLRGHNQYAYDGKDYIALNEDLRSWTAADTAAQITQRKWEAARVAEQDRAYLEGTCVEWLRRYLENGKDTLERADPPKTHVTHHPISDHEATLRCWALGFYPAEITLTWQRDGEDQTQDTELVETRPAGDRTFQKWAAVVVPSGEEQRYTCHVQHEGLPKPLTLRWEPSSQSTVPIVGIVAGLAVLAVVVIGAVVAAVMCRRKSSGGKGGSYSQAACSDSAQGSDVSLTA,B*08:01:01:01,362,HLA-B*08:01,01:01
37,HLA:HLA00153,MRVTAPRTLLLLLWGAVALTETWAGSHSMRYFYTAMSRPGRGEPRFITVGYVDDTQFVRFDSDATSPRMAPRAPWIEQEGPEYWDRETQISKTNTQTYRENLRTALRYYNQSEAGSHTWQTMYGCDLGPDGRLLRGHNQLAYDGKDYIALNEDLSSWTAADTAAQITQLKWEAARVAEQLRAYLEGECVEWLRRYLENGKETLQRADPPKTHVTHHPISDHEATLRCWALGFYPAEITLTWQRDGEDQTQDTELVETRPAGDRTFQKWAAVVVPSGEEQRYTCHVQHEGLPKPLTLRWEPSSQSTVPIVGIVAGLAVLAVVVIGAVVAAVMCRRKSSGGKGGSYSQAACSDSAQGSDVSLTA,B*13:02:01:01,362,HLA-B*13:02,01:01
38,HLA:HLA00157,MLVMAPRTVLLLLSAALALTETWAGSHSMRYFYTSVSRPGRGEPRFISVGYVDDTQFVRFDSDAASPREEPRAPWIEQEGPEYWDRNTQICKTNTQTDRESLRNLRGYYNQSEAGSHTLQWMYGCDVGPDGRLLRGYNQFAYDGKDYIALNEDLSSWTAADTAAQITQRKWEAAREAEQLRAYLEGTCVEWLRRHLENGKETLQRADPPKTHVTHHPISDHEATLRCWALGFYPAEITLTWQRDGEDQTQDTELVETRPAGDRTFQKWAAVVVPSGEEQRYTCHVQHEGLPKPLTLRWEPSSQSTVPIVGIVAGLAVLAVVVIGAVVAAVMCRRKSSGGKGGSYSQAASSDSAQGSDVSLTA,B*14:01:01:01,362,HLA-B*14:01,01:01
39,HLA:HLA00158,MLVMAPRTVLLLLSAALALTETWAGSHSMRYFYTAVSRPGRGEPRFISVGYVDDTQFVRFDSDAASPREEPRAPWIEQEGPEYWDRNTQICKTNTQTDRESLRNLRGYYNQSEAGSHTLQWMYGCDVGPDGRLLRGYNQFAYDGKDYIALNEDLSSWTAADTAAQITQRKWEAAREAEQLRAYLEGTCVEWLRRHLENGKETLQRADPPKTHVTHHPISDHEATLRCWALGFYPAEITLTWQRDGEDQTQDTELVETRPAGDRTFQKWAAVVVPSGEEQRYTCHVQHEGLPKPLTLRWEPSSQSTVPIVGIVAGLAVLAVVVIGAVVAAVMCRRKSSGGKGGSYSQAASSDSAQGSDVSLTA,B*14:02:01:01,362,HLA-B*14:02,01:01
40,HLA:HLA00162,MRVTAPRTVLLLLSGALALTETWAGSHSMRYFYTAMSRPGRGEPRFIAVGYVDDTQFVRFDSDAASPRMAPRAPWIEQEGPEYWDRETQISKTNTQTYRESLRNLRGYYNQSEAGSHTLQRMYGCDVGPDGRLLRGHDQSAYDGKDYIALNEDLSSWTAADTAAQITQRKWEAAREAEQWRAYLEGLCVEWLRRYLENGKETLQRADPPKTHVTHHPISDHEATLRCWALGFYPAEITLTWQRDGEDQTQDTELVETRPAGDRTFQKWAAVVVPSGEEQRYTCHVQHEGLPKPLTLRWEPSSQSTIPIVGIVAGLAVLAVVVIGAVVATVMCRRKSSGGKGGSYSQAASSDSAQGSDVSLTA,B*15:01:01:01,362,HLA-B*15:01,01:01
41,HLA:HLA00165,MRVTAPRTVLLLLSGALALTETWAGSHSMRYFYTAMSRPGRGEPRFIAVGYVDDTQFVRFDSDAASPRMAPRAPWIEQEGPEYWDRNTQISKTNTQTYRESLRNLRGYYNQSEAGSHIIQRMYGCDVGPDGRLLRGYDQSAYDGKDYIALNEDLSSWTAADTAAQITQRKWEAAREAEQLRAYLEGLCVEWLRRYLENGKETLQRADPPKTHVTHHPISDHEATLRCWALGFYPAEITLTWQRDGEDQTQDTELVETRPAGDRTFQKWAAVVVPSGEEQRYTCHVQHEGLPKPLTLRWEPSSQSTIPIVGIVAGLAVLAVVVIGAVVATVMCRRKSSGGKGGSYSQAASSDSAQGSDVSLTA,B*15:02:01:01,362,HLA-B*15:02,01:01
42,HLA:HLA00166,MRVTAPRTVLLLLSGALALTETWAGSHSMRYFYTAMSRPGRGEPRFISVGYVDDTQFVRFDSDAASPREEPRAPWIEQEGPEYWDRETQISKTNTQTYRESLRNLRGYYNQSEAGSHTLQRMYGCDVGPDGRLLRGHDQSAYDGKDYIALNEDLSSWTAADTAAQITQRKWEAAREAEQLRAYLEGLCVEWLRRYLENGKETLQRADPPKTHVTHHPISDHEATLRCWALGFYPAEITLTWQRDGEDQTQDTELVETRPAGDRTFQKWAAVVVPSGEEQRYTCHVQHEGLPKPLTLRWEPSSQSTIPIVGIVAGLAVLAVVVIGAVVATVMCRRKSSGGKGGSYSQAASSDSAQGSDVSLTA,B*15:03:01:01,362,HLA-B*15:03,01:01
43,HLA:HLA00171,MRVTAPRTVLLLLSGALALTETWAGSHSMRYFYTAMSRPGRGEPRFIAVGYVDDTQFVRFDSDAASPRMAPRAPWIEQEGPEYWDRNTQIFKTNTQTYRESLRNLRGYYNQSEAGSHTLQRMYGCDVGPDGRLLRGHDQSAYDGKDYIALNEDLSSWTAADTAAQITQRKWEAAREAEQWRAYLEGLCVEWLRRYLENGKETLQRADPPKTHVTHHPISDHEATLRCWALGFYPAEITLTWQRDGEDQTQDTELVETRPAGDRTFQKWAAVVVPSGEEQRYTCHVQHEGLPKPLTLRWEPSSQSTIPIVGIVAGLAVLAVVVIGAVVATVMCRRKSSGGKGGSYSQAASSDSAQGSDVSLTA,B*15:08:01:01,362,HLA-B*15:08,01:01
44,HLA:HLA00172,MRVTAPRTVLLLLSGALALTETWAGSHSMRYFYTAMSRPGRGEPRFISVGYVDDTQFVRFDSDAASPREEPRAPWIEQEGPEYWDRNTQICKTNTQTYRESLRNLRGYYNQSEAGSHTLQRMYGCDVGPDGRLLRGHNQYAYDGKDYIALNEDLSSWTAADTAAQITQRKWEAAREAEQLRAYLEGLCVEWLRRYLENGKETLQRADPPKTHVTHHPISDHEATLRCWALGFYPAEITLTWQRDGEDQTQDTELVETRPAGDRTFQKWAAVVVPSGEEQRYTCHVQHEGLPKPLTLRWEPSSQSTIPIVGIVAGLAVLAVVVIGAVVATVMCRRKSSGGKGGSYSQAASSDSAQGSDVSLTA,B*15:09:01,362,HLA-B*15:09,01
45,HLA:HLA00173,MRVTAPRTVLLLLSGALALTETWAGSHSMRYFYTAMSRPGRGEPRFISVGYVDDTQFVRFDSDAASPREEPRAPWIEQEGPEYWDRNTQICKTNTQTYRESLRNLRGYYNQSEAGSHTLQRMYGCDVGPDGRLLRGHDQYAYDGKDYIALNEDLSSWTAADTAAQITQRKWEAAREAEQLRAYLEGLCVEWLRRYLENGKETLQRADPPKTHVTHHPISDHEATLRCWALGFYPAEITLTWQRDGEDQTQDTELVETRPAGDRTFQKWAAVVVPSGEEQRYTCHVQHEGLPKPLTLRWEPSSQSTIPIVGIVAGLAVLAVVVIGAVVATVMCRRKSSGGKGGSYSQAASSDSAQGSDVSLTA,B*15:10:01:01,362,HLA-B*15:10,01:01
46,HLA:HLA00176,MRVTAPRTVLLLLSGALALTETWAGSHSMRYFYTAMSRPGRGEPRFIAVGYVDDTQFVRFDSDAASPRMAPRAPWIEQEGPEYWDRNTQISKTNTQTYRENLRIALRYYNQSEAGSHIIQRMYGCDVGPDGRLLRGYDQSAYDGKDYIALNEDLSSWTAADTAAQITQRKWEAAREAEQLRAYLEGLCVEWLRRYLENGKETLQRADPPKTHVTHHPISDHEATLRCWALGFYPAEITLTWQRDGEDQTQDTELVETRPAGDRTFQKWAAVVVPSGEEQRYTCHVQHEGLPKPLTLRWEPSSQSTIPIVGIVAGLAVLAVVVIGAVVATVMCRRKSSGGKGGSYSQAASSDSAQGSDVSLTA,B*15:13:01,362,HLA-B*15:13,01
47,HLA:HLA00179,MRVTAPRTVLLLLSGALALTETWAGSHFMRYFYTAMSRPGRGEPRFIAVGYVDDTQFVRFDSDAASPRMAPRAPWIEQEGPEYWDRETRNMKASAQTYRENLRIALRYYNQSEAGSHTWQRMYGCDLGPDGRLLRGHDQSAYDGKDYIALNEDLSSWTAADTAAQITQRKWEAAREAEQLRAYLEGLCVEWLRRYLENGKETLQRADPPKTHVTHHPISDHEATLRCWALGFYPAEITLTWQRDGEDQTQDTELVETRPAGDRTFQKWAAVVVPSGEEQRYTCHVQHEGLPKPLTLRWEPSSQSTIPIVGIVAGLAVLAVVVIGAVVATVMCRRKSSGGKGGSYSQAASSDSAQGSDVSLTA,B*15:16:01:01,362,HLA-B*15:16,01:01
48,HLA:HLA00180,MRVTAPRTVLLLLSGALALTETWAGSHSMRYFYTAMSRPGRGEPRFIAVGYVDDTQFVRFDSDAASPRMAPRAPWIEQEGPEYWDRETRNMKASAQTYRENLRIALRYYNQSEAGSHTLQRMYGCDVGPDGRLLRGYHQDAYDGKDYIALNEDLSSWTAADTAAQITQRKWEAAREAEQLRAYLEGLCVEWLRRYLENGKETLQRADPPKTHVTHHPISDHEATLRCWALGFYPAEITLTWQRDGEDQTQDTELVETRPAGDRTFQKWAAVVVPSGEEQRYTCHVQHEGLPKPLTLRWEPSSQSTIPIVGIVAGLAVLAVVVIGAVVATVMCRRKSSGGKGGSYSQAASSDSAQGSDVSLTA,B*15:17:01:01,362,HLA-B*15:17,01:01
49,HLA:HLA00213,MRVTAPRTLLLLLWGAVALTETWAGSHSMRYFHTSVSRPGRGEPRFISVGYVDGTQFVRFDSDAASPRTEPRAPWIEQEGPEYWDRNTQISKTNTQTYRESLRNLRGYYNQSEAGSHTLQRMYGCDVGPDGRLLRGHDQSAYDGKDYIALNEDLSSWTAADTAAQITQRKWEAARVAEQLRAYLEGTCVEWLRRHLENGKETLQRADPPKTHVTHHPISDHEATLRCWALGFYPAEITLTWQRDGEDQTQDTELVETRPAGDRTFQKWAAVVVPSGEEQRYTCHVQHEGLPKPLTLRWEPSSQSTIPIVGIVAGLAVLAVVVIGAVVATVMCRRKSSGGKGGSYSQAASSDSAQGSDVSLTA,B*18:01:01:01,362,HLA-B*18:01,01:01
50,HLA:HLA00221,MRVTAPRTLLLLLWGAVALTETWAGSHSMRYFHTSVSRPGRGEPRFITVGYVDDTLFVRFDSDAASPREEPRAPWIEQEGPEYWDRETQICKAKAQTDRENLRIALRYYNQSEAGSHTLQNMYGCDVGPDGRLLRGYHQDAYDGKDYIALNEDLSSWTAADTAAQITQRKWEAARVAEQLRAYLEGECVEWLRRYLENGKETLQRADPPKTHVTHHPISDHEATLRCWALGFYPAEITLTWQRDGEDQTQDTELVETRPAGDRTFQKWAAVVVPSGEEQRYTCHVQHEGLPKPLTLRWEPSSQSTVPIVGIVAGLAVLAVVVIGAVVAAVMCRRKSSGGKGGSYSQAACSDSAQGSDVSLTA,B*27:02:01:01,362,HLA-B*27:02,01:01
51,HLA:HLA00223,MRVTAPRTLLLLLWGAVALTETWAGSHSMRYFHTSVSRPGRGEPRFITVGYVDDTLFVRFDSDAASPREEPRAPWIEQEGPEYWDRETQICKAKAQTDRESLRTLLRYYNQSEAGSHTLQNMYGCDVGPDGRLLRGYHQDAYDGKDYIALNEDLSSWTAADTAAQITQRKWEAAREAEQLRAYLEGECVEWLRRYLENGKETLQRADPPKTHVTHHPISDHEATLRCWALGFYPGEITLTWQRDGEDQTQDTELVETRPAGDRTFQKWAAVVVPSGEEQRYTCHVQHEGLPKPLTLRWEPSSQSTVPIVGIVAGLAVLAVVVIGAVVAAVMCRRKSSGGKGGSYSQAACSDSAQGSDVSLTA,B*27:04:01,362,HLA-B*27:04,01
52,HLA:HLA00227,MRVTAPRTLLLLLWGAVALTETWAGSHSMRYFHTSVSRPGRGEPRFITVGYVDDTLFVRFDSDAASPREEPRAPWIEQEGPEYWDRETQICKAKAQTDRESLRTLLRYYNQSEAGSHTLQNMYGCDVGPDGRLLRGYDQYAYDGKDYIALNEDLSSWTAADTAAQITQRKWEAAREAEQLRAYLEGECVEWLRRYLENGKETLQRADPPKTHVTHHPISDHEATLRCWALGFYPGEITLTWQRDGEDQTQDTELVETRPAGDRTFQKWAAVVVPSGEEQRYTCHVQHEGLPKPLTLRWEPSSQSTVPIVGIVAGLAVLAVVVIGAVVAAVMCRRKSSGGKGGSYSQAACSDSAQGSDVSLTA,B*27:06:01:01,362,HLA-B*27:06,01:01
53,HLA:HLA00237,MRVTAPRTVLLLLWGAVALTETWAGSHSMRYFYTAMSRPGRGEPRFIAVGYVDDTQFVRFDSDAASPRTEPRAPWIEQEGPEYWDRNTQIFKTNTQTYRESLRNLRGYYNQSEAGSHIIQRMYGCDLGPDGRLLRGHDQSAYDGKDYIALNEDLSSWTAADTAAQITQRKWEAARVAEQLRAYLEGLCVEWLRRYLENGKETLQRADPPKTHVTHHPVSDHEATLRCWALGFYPAEITLTWQRDGEDQTQDTELVETRPAGDRTFQKWAAVVVPSGEEQRYTCHVQHEGLPKPLTLRWEPSSQSTIPIVGIVAGLAVLAVVVIGAVVATVMCRRKSSGGKGGSYSQAASSDSAQGSDVSLTA,B*35:01:01:01,362,HLA-B*35:01,01:01
54,HLA:HLA00238,MRVTAPRTVLLLLWGAVALTETWAGSHSMRYFYTAMSRPGRGEPRFIAVGYVDDTQFVRFDSDAASPRTEPRAPWIEQEGPEYWDRNTQIFKTNTQTYRESLRNLRGYYNQSEAGSHIIQRMYGCDLGPDGRFLRGHNQYAYDGKDYIALNEDLSSWTAADTAAQITQRKWEAARVAEQLRAYLEGLCVEWLRRYLENGKETLQRADPPKTHVTHHPVSDHEATLRCWALGFYPAEITLTWQRDGEDQTQDTELVETRPAGDRTFQKWAAVVVPSGEEQRYTCHVQHEGLPKPLTLRWEPSSQSTIPIVGIVAGLAVLAVVVIGAVVATVMCRRKSSGGKGGSYSQAASSDSAQGSDVSLTA,B*35:02:01:01,362,HLA-B*35:02,01:01
55,HLA:HLA00239,MRVTAPRTVLLLLWGAVALTETWAGSHSMRYFYTAMSRPGRGEPRFIAVGYVDDTQFVRFDSDAASPRTEPRAPWIEQEGPEYWDRNTQIFKTNTQTYRESLRNLRGYYNQSEAGSHIIQRMYGCDLGPDGRLLRGHDQFAYDGKDYIALNEDLSSWTAADTAAQITQRKWEAARVAEQLRAYLEGLCVEWLRRYLENGKETLQRADPPKTHVTHHPVSDHEATLRCWALGFYPAEITLTWQRDGEDQTQDTELVETRPAGDRTFQKWAAVVVPSGEEQRYTCHVQHEGLPKPLTLRWEPSSQSTIPIVGIVAGLAVLAVVVIGAVVATVMCRRKSSGGKGGSYSQAASSDSAQGSDVSLTA,B*35:03:01:01,362,HLA-B*35:03,01:01
56,HLA:HLA00244,MRVTAPRTVLLLLWGAVALTETWAGSHSMRYFYTAMSRPGRGEPRFIAVGYVDDTQFVRFDSDAASPRTEPRAPWIEQEGPEYWDRNTQIFKTNTQTYRESLRNLRGYYNQSEAGSHIIQRMYGCDLGPDGRLLRGHDQSAYDGKDYIALNEDLSSWTAADTAAQITQRKWEAARVAEQRRAYLEGLCVEWLRRYLENGKETLQRADPPKTHVTHHPVSDHEATLRCWALGFYPAEITLTWQRDGEDQTQDTELVETRPAGDRTFQKWAAVVVPSGEEQRYTCHVQHEGLPKPLTLRWEPSSQSTIPIVGIVAGLAVLAVVVIGAVVATVMCRRKSSGGKGGSYSQAASSDSAQGSDVSLTA,B*35:08:01:01,362,HLA-B*35:08,01:01
57,HLA:HLA00265,MRVTAPRTLLLLLWGAVALTETWAGSHSMRYFHTSVSRPGRGEPRFISVGYVDDTQFVRFDSDAASPRTEPRAPWIEQEGPEYWDRETQISKTNTQTYREDLRTLLRYYNQSEAGSHTIQRMSGCDVGPDGRLLRGYNQFAYDGKDYIALNEDLSSWTAADTAAQITQRKWEAARVAEQDRAYLEGTCVEWLRRYLENGKETLQRADPPKTHVTHHPISDHEATLRCWALGFYPAEITLTWQRDGEDQTQDTELVETRPAGDRTFQKWAAVVVPSGEEQRYTCHVQHEGLPKPLTLRWEPSSQSTIPIVGIVAGLAVLAVVVIGAVVATVMCRRKSSGGKGGSYSQAASSDSAQGSDVSLTA,B*37:01:01:01,362,HLA-B*37:01,01:01
58,HLA:HLA00267,MLVMAPRTVLLLLSAALALTETWAGSHSMRYFYTSVSRPGRGEPRFISVGYVDDTQFVRFDSDAASPREEPRAPWIEQEGPEYWDRNTQICKTNTQTYRENLRIALRYYNQSEAGSHTLQRMYGCDVGPDGRLLRGHNQFAYDGKDYIALNEDLSSWTAADTAAQITQRKWEAARVAEQLRTYLEGTCVEWLRRYLENGKETLQRADPPKTHVTHHPISDHEATLRCWALGFYPAEITLTWQRDGEDQTQDTELVETRPAGDRTFQKWAAVVVPSGEEQRYTCHVQHEGLPKPLTLRWEPSSQSTVPIVGIVAGLAVLAVVVIGAVVAAVMCRRKSSGGKGGSYSQAASSDSAQGSDVSLTA,B*38:01:01:01,362,HLA-B*38:01,01:01
59,HLA:HLA00271,MLVMAPRTVLLLLSAALALTETWAGSHSMRYFYTSVSRPGRGEPRFISVGYVDDTQFVRFDSDAASPREEPRAPWIEQEGPEYWDRNTQICKTNTQTDRESLRNLRGYYNQSEAGSHTLQRMYGCDVGPDGRLLRGHNQFAYDGKDYIALNEDLSSWTAADTAAQITQRKWEAARVAEQLRTYLEGTCVEWLRRYLENGKETLQRADPPKTHVTHHPISDHEATLRCWALGFYPAEITLTWQRDGEDQTQDTELVETRPAGDRTFQKWAAVVVPSGEEQRYTCHVQHEGLPKPLTLRWEPSSQSTVPIVGIVAGLAVLAVVVIGAVVAAVMCRRKSSGGKGGSYSQAASSDSAQGSDVSLTA,B*39:01:01:01,362,HLA-B*39:01,01:01
60,HLA:HLA00279,MLVMAPRTVLLLLSAALALTETWAGSHSMRYFYTSVSRPGRGEPRFISVGYVDDTQFVRFDSDAASPREEPRAPWIEQEGPEYWDRNTQICKTNTQTDRESLRNLRGYYNQSEAGSHTWQTMYGCDVGPDGRLLRGHNQFAYDGKDYIALNEDLSSWTAADTAAQITQRKWEAARVAEQLRTYLEGTCVEWLRRYLENGKETLQRADPPKTHVTHHPISDHEATLRCWALGFYPAEITLTWQRDGEDQTQDTELVETRPAGDRTFQKWAAVVVPSGEEQRYTCHVQHEGLPKPLTLRWEPSSQSTVPIVGIVAGLAVLAVVVIGAVVAAVMCRRKSSGGKGGSYSQAASSDSAQGSDVSLTA,B*39:06:01:01,362,HLA-B*39:06,01:01
61,HLA:HLA00283,MLVMAPRTVLLLLSAALALTETWAGSHSMRYFYTSVSRPGRGEPRFISVGYVDDTQFVRFDSDAASPREEPRAPWIEQEGPEYWDRNTQICKTNTQTDRESLRNLRGYYNQSEAGSHTLQRMSGCDVGPDGRLLRGHNQFAYDGKDYIALNEDLSSWTAADTAAQITQRKWEAARVAEQLRTYLEGTCVEWLRRYLENGKETLQRADPPKTHVTHHPISDHEATLRCWALGFYPAEITLTWQRDGEDQTQDTELVETRPAGDRTFQKWAAVVVPSGEEQRYTCHVQHEGLPKPLTLRWEPSSQSTVPIVGIVAGLAVLAVVVIGAVVAAVMCRRKSSGGKGGSYSQAASSDSAQGSDVSLTA,B*39:09:01:01,362,HLA-B*39:09,01:01
62,HLA:HLA00284,MLVMAPRTVLLLLSAALALTETWAGSHSMRYFYTSVSRPGRGEPRFISVGYVDDTQFVRFDSDAASPREEPRAPWIEQEGPEYWDRNTQIYKTNTQTDRESLRNLRGYYNQSEAGSHTLQRMYGCDVGPDGRLLRGHNQFAYDGKDYIALNEDLSSWTAADTAAQITQRKWEAARVAEQLRTYLEGTCVEWLRRYLENGKETLQRADPPKTHVTHHPISDHEATLRCWALGFYPAEITLTWQRDGEDQTQDTELVETRPAGDRTFQKWAAVVVPSGEEQRYTCHVQHEGLPKPLTLRWEPSSQSTVPIVGIVAGLAVLAVVVIGAVVAAVMCRRKSSGGKGGSYSQAASSDSAQGSDVSLTA,B*39:10:01,362,HLA-B*39:10,01
63,HLA:HLA00291,MRVTAPRTVLLLLSAALALTETWAGSHSMRYFHTAMSRPGRGEPRFITVGYVDDTLFVRFDSDATSPRKEPRAPWIEQEGPEYWDRETQISKTNTQTYRESLRNLRGYYNQSEAGSHTLQRMYGCDVGPDGRLLRGHNQYAYDGKDYIALNEDLRSWTAADTAAQISQRKLEAARVAEQLRAYLEGECVEWLRRYLENGKDKLERADPPKTHVTHHPISDHEATLRCWALGFYPAEITLTWQRDGEDQTQDTELVETRPAGDRTFQKWAAVVVPSGEEQRYTCHVQHEGLPKPLTLRWEPSSQSTVPIVGIVAGLAVLAVVVIGAVVAAVMCRRKSSGGKGGSYSQAACSDSAQGSDVSLTA,B*40:01:01,362,HLA-B*40:01,01
64,HLA:HLA00293,MRVTAPRTLLLLLWGAVALTETWAGSHSMRYFHTSVSRPGRGEPRFITVGYVDDTLFVRFDSDATSPRKEPRAPWIEQEGPEYWDRETQISKTNTQTYRESLRNLRGYYNQSEAGSHTLQSMYGCDVGPDGRLLRGHNQYAYDGKDYIALNEDLRSWTAADTAAQITQRKWEAARVAEQLRAYLEGECVEWLRRYLENGKETLQRADPPKTHVTHHPISDHEATLRCWALGFYPAEITLTWQRDGEDQTQDTELVETRPAGDRTFQKWAAVVVPSGEEQRYTCHVQHEGLPKPLTLRWEPSSQSTVPIVGIVAGLAVLAVVVIGAVVAAVMCRRKSSGGKGGSYSQAACSDSAQGSDVSLTA,B*40:02:01:01,362,HLA-B*40:02,01:01
65,HLA:HLA00315,MLVMAPRTVLLLLSAALALTETWAGSHSMRYFYTSVSRPGRGEPRFISVGYVDDTQFVRFDSDAASPREEPRAPWIEQEGPEYWDRNTQIYKAQAQTDRESLRNLRGYYNQSEAGSHTLQSMYGCDVGPDGRLLRGHNQYAYDGKDYIALNEDLRSWTAADTAAQITQRKWEAARVAEQDRAYLEGTCVEWLRRYLENGKDTLERADPPKTHVTHHPISDHEATLRCWALGFYPAEITLTWQRDGEDQTQDTELVETRPAGDRTFQKWAAVVVPSGEEQRYTCHVQHEGLPKPLTLRWEPSSQSTVPIVGIVAGLAVLAVVVIGAVVAAVMCRRKSSGGKGGSYSQAACSDSAQGSDVSLTA,B*42:01:01:01,362,HLA-B*42:01,01:01
66,HLA:HLA00316,MLVMAPRTVLLLLSAALALTETWAGSHSMRYFHTSVSRPGRGEPRFISVGYVDDTQFVRFDSDAASPREEPRAPWIEQEGPEYWDRNTQIYKAQAQTDRESLRNLRGYYNQSEAGSHTLQSMYGCDVGPDGRLLRGHNQYAYDGKDYIALNEDLRSWTAADTAAQITQRKWEAARVAEQDRAYLEGTCVEWLRRYLENGKDTLERADPPKTHVTHHPISDHEATLRCWALGFYPAEITLTWQRDGEDQTQDTELVETRPAGDRTFQKWAAVVVPSGEEQRYTCHVQHEGLPKPLTLRWEPSSQSTVPIVGIVAGLAVLAVVVIGAVVAAVMCRRKSSGGKGGSYSQAACSDSAQGSDVSLTA,B*42:02:01:01,362,HLA-B*42:02,01:01
67,HLA:HLA00318,MRVTAPRTLLLLLWGAVALTETWAGSHSMRYFYTAMSRPGRGEPRFITVGYVDDTLFVRFDSDATSPRKEPRAPWIEQEGPEYWDRETQISKTNTQTYRENLRTALRYYNQSEAGSHIIQRMYGCDVGPDGRLLRGYDQDAYDGKDYIALNEDLSSWTAADTAAQITQRKWEAARVAEQDRAYLEGLCVESLRRYLENGKETLQRADPPKTHVTHHPISDHEVTLRCWALGFYPAEITLTWQRDGEDQTQDTELVETRPAGDRTFQKWAAVVVPSGEEQRYTCHVQHEGLPKPLTLRWEPSSQSTVPIVGIVAGLAVLAVVVIGAVVAAVMCRRKSSGGKGGSYSQAACSDSAQGSDVSLTA,B*44:02:01:01,362,HLA-B*44:02,01:01
68,HLA:HLA00319,MRVTAPRTLLLLLWGAVALTETWAGSHSMRYFYTAMSRPGRGEPRFITVGYVDDTLFVRFDSDATSPRKEPRAPWIEQEGPEYWDRETQISKTNTQTYRENLRTALRYYNQSEAGSHIIQRMYGCDVGPDGRLLRGYDQDAYDGKDYIALNEDLSSWTAADTAAQITQRKWEAARVAEQLRAYLEGLCVESLRRYLENGKETLQRADPPKTHVTHHPISDHEVTLRCWALGFYPAEITLTWQRDGEDQTQDTELVETRPAGDRTFQKWAAVVVPSGEEQRYTCHVQHEGLPKPLTLRWEPSSQSTVPIVGIVAGLAVLAVVVIGAVVAAVMCRRKSSGGKGGSYSQAACSDSAQGSDVSLTA,B*44:03:01:01,362,HLA-B*44:03,01:01
69,HLA:HLA00322,MRVTAPRTLLLLLWGAVALTETWAGSHSMRYFYTAMSRPGRGEPRFITVGYVDDTLFVRFDSDATSPRKEPRAPWIEQEGPEYWDRETQISKTNTQTYRENLRTALRYYNQSEAGSHIIQRMYGCDVGPDGRLLRGYDQYAYDGKDYIALNEDLSSWTAADTAAQITQRKWEAARVAEQDRAYLEGLCVESLRRYLENGKETLQRADPPKTHVTHHPISDHEVTLRCWALGFYPAEITLTWQRDGEDQTQDTELVETRPAGDRTFQKWAAVVVPSGEEQRYTCHVQHEGLPKPLTLRWEPSSQSTVPIVGIVAGLAVLAVVVIGAVVAAVMCRRKSSGGKGGSYSQAACSDSAQGSDVSLTA,B*44:05:01:01,362,HLA-B*44:05,01:01
70,HLA:HLA00329,MRVTAPRTVLLLLSAALALTETWAGSHSMRYFHTAMSRPGRGEPRFITVGYVDDTLFVRFDSDATSPRKEPRAPWIEQEGPEYWDRETQISKTNTQTYRESLRNLRGYYNQSEAGSHTWQRMYGCDLGPDGRLLRGYNQLAYDGKDYIALNEDLSSWTAADTAAQITQRKWEAARVAEQDRAYLEGLCVESLRRYLENGKETLQRADPPKTHVTHHPISDHEATLRCWALGFYPAEITLTWQRDGEDQTQDTELVETRPAGDRTFQKWAAVVVPSGEEQRYTCHVQHEGLPKPLTLRWEPSSQSTIPIVGIVAGLAVLAVVVIGAVVATVMCRRKSSGGKGGSYSQAASSDSAQGSDVSLTA,B*45:01:01:01,362,HLA-B*45:01,01:01
71,HLA:HLA00331,MRVTAPRTVLLLLSGALALTETWAGSHSMRYFYTAMSRPGRGEPRFIAVGYVDDTQFVRFDSDAASPRMAPRAPWIEQEGPEYWDRETQKYKRQAQTDRVSLRNLRGYYNQSEAGSHTLQRMYGCDVGPDGRLLRGHDQSAYDGKDYIALNEDLSSWTAADTAAQITQRKWEAAREAEQWRAYLEGLCVEWLRRYLENGKETLQRADPPKTHVTHHPISDHEATLRCWALGFYPAEITLTWQRDGEDQTQDTELVETRPAGDRTFQKWAAVVVPSGEEQRYTCHVQHEGLPKPLTLRWEPSSQSTIPIVGIVAGLAVLAVVVIGAVVATVMCRRKSSGGKGGSYSQAASSDSAQGSDVSLTA,B*46:01:01:01,362,HLA-B*46:01,01:01
72,HLA:HLA00335,MLVMAPRTVLLLLSAALALTETWAGSHSMRYFYTSVSRPGRGEPRFISVGYVDDTQFVRFDSDAASPREEPRAPWIEQEGPEYWDRETQISKTNTQTYRESLRNLRGYYNQSEAGSHTLQSMYGCDVGPDGRLLRGHNQYAYDGKDYIALNEDLRSWTAADTAAQISQRKLEAARVAEQLRAYLEGECVEWLRRYLENGKDKLERADPPKTHVTHHPISDHEATLRCWALGFYPAEITLTWQRDGEDQTQDTELVETRPAGDRTFQKWTAVVVPSGEEQRYTCHVQHEGLPKPLTLRWEPSSQSTVPIVGIVAGLAVLAVVVIGAVVAAVMCRRKSSGGKGGSYSQAACSDSAQGSDVSLTA,B*48:01:01:01,362,HLA-B*48:01,01:01
73,HLA:HLA00344,MRVTAPRTVLLLLWGAVALTETWAGSHSMRYFYTAMSRPGRGEPRFIAVGYVDDTQFVRFDSDAASPRTEPRAPWIEQEGPEYWDRNTQIFKTNTQTYRENLRIALRYYNQSEAGSHTWQTMYGCDVGPDGRLLRGHNQYAYDGKDYIALNEDLSSWTAADTAAQITQRKWEAAREAEQLRAYLEGLCVEWLRRHLENGKETLQRADPPKTHVTHHPVSDHEATLRCWALGFYPAEITLTWQRDGEDQTQDTELVETRPAGDRTFQKWAAVVVPSGEEQRYTCHVQHEGLPKPLTLRWEPSSQSTIPIVGIVAGLAVLAVVVIGAVVATVMCRRKSSGGKGGSYSQAASSDSAQGSDVSLTA,B*51:01:01:01,362,HLA-B*51:01,01:01
74,HLA:HLA00346,MRVTAPRTVLLLLWGAVALTETWAGSHSMRYFYTAMSRPGRGEPRFIAVGYVDDTQFVRFDSDAASPRTEPRAPWIEQEGPEYWDRNTQIFKTNTQTYRENLRIALRYYNQSEAGSHTWQTMYGCDVGPDGRLLRGHNQYAYDGKDYIALNEDLSSWTAADTAAQITQRKWEAAREAEQLRAYLEGLCVEWLRRYLENGKETLQRADPPKTHVTHHPVSDHEATLRCWALGFYPAEITLTWQRDGEDQTQDTELVETRPAGDRTFQKWAAVVVPSGEEQRYTCHVQHEGLPKPLTLRWEPSSQSTIPIVGIVAGLAVLAVVVIGAVVATVMCRRKSSGGKGGSYSQAASSDSAQGSDVSLTA,B*51:02:01:01,362,HLA-B*51:02,01:01
75,HLA:HLA00362,MRVTAPRTVLLLLWGAVALTETWAGSHSMRYFYTAMSRPGRGEPRFIAVGYVDDTQFVRFDSDAASPRTEPRAPWIEQEGPEYWDRETQISKTNTQTYRENLRIALRYYNQSEAGSHTWQTMYGCDVGPDGRLLRGHNQYAYDGKDYIALNEDLSSWTAADTAAQITQRKWEAAREAEQLRAYLEGLCVEWLRRHLENGKETLQRADPPKTHVTHHPVSDHEATLRCWALGFYPAEITLTWQRDGEDQTQDTELVETRPAGDRTFQKWAAVVVPSGEEQRYTCHVQHEGLPKPLTLRWEPSSQSTIPIVGIVAGLAVLAVVVIGAVVATVMCRRKSSGGKGGSYSQAASSDSAQGSDVSLTA,B*52:01:01:01,362,HLA-B*52:01,01:01
76,HLA:HLA00364,MRVTAPRTVLLLLWGAVALTETWAGSHSMRYFYTAMSRPGRGEPRFIAVGYVDDTQFVRFDSDAASPRTEPRAPWIEQEGPEYWDRNTQIFKTNTQTYRENLRIALRYYNQSEAGSHIIQRMYGCDLGPDGRLLRGHDQSAYDGKDYIALNEDLSSWTAADTAAQITQRKWEAARVAEQLRAYLEGLCVEWLRRYLENGKETLQRADPPKTHVTHHPVSDHEATLRCWALGFYPAEITLTWQRDGEDQTQDTELVETRPAGDRTFQKWAAVVVPSGEEQRYTCHVQHEGLPKPLTLRWEPSSQSTIPIVGIVAGLAVLAVVVIGAVVATVMCRRKSSGGKGGSYSQAASSDSAQGSDVSLTA,B*53:01:01:01,362,HLA-B*53:01,01:01
77,HLA:HLA00367,MRVTAPRTLLLLLWGALALTETWAGSHSMRYFYTAMSRPGRGEPRFIAVGYVDDTQFVRFDSDAASPRGEPRAPWVEQEGPEYWDRNTQIYKAQAQTDRESLRNLRGYYNQSEAGSHTWQTMYGCDLGPDGRLLRGHNQLAYDGKDYIALNEDLSSWTAADTAAQITQRKWEAARVAEQLRAYLEGTCVEWLRRYLENGKETLQRADPPKTHVTHHPISDHEATLRCWALGFYPAEITLTWQRDGEDQTQDTELVETRPAGDRTFQKWAAVVVPSGEEQRYTCHVQHEGLPKPLTLRWEPSSQSTIPIVGIVAGLAVLAVVVIGAVVATVMCRRKSSGGKGGSYSQAASSDSAQGSDVSLTA,B*54:01:01:01,362,HLA-B*54:01,01:01
78,HLA:HLA00368,MRVTAPRTLLLLLWGALALTETWAGSHSMRYFYTAMSRPGRGEPRFIAVGYVDDTQFVRFDSDAASPREEPRAPWIEQEGPEYWDRNTQIYKAQAQTDRESLRNLRGYYNQSEAGSHTWQTMYGCDLGPDGRLLRGHNQLAYDGKDYIALNEDLSSWTAADTAAQITQRKWEAAREAEQLRAYLEGTCVEWLRRYLENGKETLQRADPPKTHVTHHPISDHEATLRCWALGFYPAEITLTWQRDGEDQTQDTELVETRPAGDRTFQKWAAVVVPSGEEQRYTCHVQHEGLPKPLTLRWEPSSQSTIPIVGIVAGLAVLAVVVIGAVVATVMCRRKSSGGKGGSYSQAASSDSAQGSDVSLTA,B*55:01:01:01,362,HLA-B*55:01,01:01
79,HLA:HLA00369,MRVTAPRTLLLLLWGALALTETWAGSHSMRYFYTAMSRPGRGEPRFIAVGYVDDTQFVRFDSDAASPREEPRAPWIEQEGPEYWDRNTQIYKAQAQTDRESLRNLRGYYNQSEAGSHTWQTMYGCDLGPDGRLLRGHNQLAYDGKDYIALNEDLSSWTAADTAAQITQRKWEAARVAEQLRAYLEGTCVEWLRRYLENGKETLQRADPPKTHVTHHPISDHEATLRCWALGFYPAEITLTWQRDGEDQTQDTELVETRPAGDRTFQKWAAVVVPSGEEQRYTCHVQHEGLPKPLTLRWEPSSQSTIPIVGIVAGLAVLAVVVIGAVVATVMCRRKSSGGKGGSYSQAASSDSAQGSDVSLTA,B*55:02:01:01,362,HLA-B*55:02,01:01
80,HLA:HLA00376,MRVTAPRTLLLLLWGALALTETWAGSHSMRYFYTAMSRPGRGEPRFIAVGYVDDTQFVRFDSDAASPREEPRAPWIEQEGPEYWDRNTQIYKAQAQTDRESLRNLRGYYNQSEAGSHTWQTMYGCDLGPDGRLLRGHNQLAYDGKDYIALNEDLSSWTAADTAAQITQRKWEAARVAEQLRAYLEGLCVEWLRRYLENGKETLQRADPPKTHVTHHPISDHEATLRCWALGFYPAEITLTWQRDGEDQTQDTELVETRPAGDRTFQKWAAVVVPSGEEQRYTCHVQHEGLPKPLTLRWEPSSQSTIPIVGIVAGLAVLAVVVIGAVVATVMCRRKSSGGKGGSYSQAASSDSAQGSDVSLTA,B*56:01:01:01,362,HLA-B*56:01,01:01
81,HLA:HLA00381,MRVTAPRTVLLLLWGAVALTETWAGSHSMRYFYTAMSRPGRGEPRFIAVGYVDDTQFVRFDSDAASPRMAPRAPWIEQEGPEYWDGETRNMKASAQTYRENLRIALRYYNQSEAGSHIIQVMYGCDVGPDGRLLRGHDQSAYDGKDYIALNEDLSSWTAADTAAQITQRKWEAARVAEQLRAYLEGLCVEWLRRYLENGKETLQRADPPKTHVTHHPISDHEATLRCWALGFYPAEITLTWQRDGEDQTQDTELVETRPAGDRTFQKWAAVVVPSGEEQRYTCHVQHEGLPKPLTLRWEPSSQSTVPIVGIVAGLAVLAVVVIGAVVAAVMCRRKSSGGKGGSYSQAACSDSAQGSDVSLTA,B*57:01:01:01,362,HLA-B*57:01,01:01
82,HLA:HLA00382,MRVTAPRTVLLLLWGAVALTETWAGSHSMRYFYTAMSRPGRGEPRFIAVGYVDDTQFVRFDSDAASPRMAPRAPWIEQEGPEYWDGETRNMKASAQTYRENLRIALRYYNQSEAGSHIIQVMYGCDVGPDGRLLRGHNQYAYDGKDYIALNEDLSSWTAADTAAQITQRKWEAARVAEQRRAYLEGLCVEWLRRYLENGKETLQRADPPKTHVTHHPISDHEATLRCWALGFYPAEITLTWQRDGEDQTQDTELVETRPAGDRTFQKWAAVVVPSGEEQRYTCHVQHEGLPKPLTLRWEPSSQSTVPIVGIVAGLAVLAVVVIGAVVAAVMCRRKSSGGKGGSYSQAACSDSAQGSDVSLTA,B*57:02:01:01,362,HLA-B*57:02,01:01
83,HLA:HLA00383,MRVTAPRTVLLLLWGAVALTETWAGSHSMRYFYTAMSRPGRGEPRFIAVGYVDDTQFVRFDSDAASPRMAPRAPWIEQEGPEYWDGETRNMKASAQTYRENLRIALRYYNQSEAGSHIIQVMYGCDVGPDGRLLRGHNQYAYDGKDYIALNEDLSSWTAADTAAQITQRKWEAARVAEQLRAYLEGLCVEWLRRYLENGKETLQRADPPKTHVTHHPISDHEATLRCWALGFYPAEITLTWQRDGEDQTQDTELVETRPAGDRTFQKWAAVVVPSGEEQRYTCHVQHEGLPKPLTLRWEPSSQSTVPIVGIVAGLAVLAVVVIGAVVAAVMCRRKSSGGKGGSYSQAACSDSAQGSDVSLTA,B*57:03:01:01,362,HLA-B*57:03,01:01
84,HLA:HLA00386,MRVTAPRTVLLLLWGAVALTETWAGSHSMRYFYTAMSRPGRGEPRFIAVGYVDDTQFVRFDSDAASPRTEPRAPWIEQEGPEYWDGETRNMKASAQTYRENLRIALRYYNQSEAGSHIIQRMYGCDLGPDGRLLRGHDQSAYDGKDYIALNEDLSSWTAADTAAQITQRKWEAARVAEQLRAYLEGLCVEWLRRYLENGKETLQRADPPKTHVTHHPVSDHEATLRCWALGFYPAEITLTWQRDGEDQTQDTELVETRPAGDRTFQKWAAVVVPSGEEQRYTCHVQHEGLPKPLTLRWEPSSQSTIPIVGIVAGLAVLAVVVIGAVVATVMCRRKSSGGKGGSYSQAASSDSAQGSDVSLTA,B*58:01:01:01,362,HLA-B*58:01,01:01
85,HLA:HLA00387,MRVTAPRTVLLLLWGAVALTETWAGSHSMRYFYTAMSRPGRGEPRFIAVGYVDDTQFVRFDSDAASPRTEPRAPWIEQEGPEYWDGETRNMKASAQTYRENLRIALRYYNQSEAGSHTLQWMYGCDLGPDGRLLRGHDQSAYDGKDYIALNEDLSSWTAADTAAQITQRKWEAARVAEQLRAYLEGLCVEWLRRYLENGKETLQRADPPKTHVTHHPVSDHEATLRCWALGFYPAEITLTWQRDGEDQTQDTELVETRPAGDRTFQKWAAVVVPSGEEQRYTCHVQHEGLPKPLTLRWEPSSQSTIPIVGIVAGLAVLAVVVIGAVVATVMCRRKSSGGKGGSYSQAASSDSAQGSDVSLTA,B*58:02:01:01,362,HLA-B*58:02,01:01
86,HLA:HLA00392,MLVMAPRTVLLLLSAALALTETWAGSHSMRYFHTSVSRPGRGEPRFITVGYVDDTQFVRFDSDAASPREEPRAPWIEQEGPEYWDRNTQICKAKAQTDRVGLRNLRGYYNQSEDGSHTWQTMYGCDMGPDGRLLRGYNQFAYDGKDYIALNEDLRSWTAADTAAQITQRKWEAARVAEQLRAYLEGECVEWLRRHLENGKETLQRADPPKTHVTHHPISDHEATLRCWALGFYPAEITLTWQRDGEDQTQDTELVETRPAGDGTFQKWAAVVVPSGQEQRYTCHVQHEGLQEPCTLRWKPSSQSTIPIVGIVAGLAVLVVTVAVVAVVAAVMCRRKSSGGKGGSYSQAASSDSAQGSDVSLTA,B*73:01:01:01,363,HLA-B*73:01,01:01
87,HLA:HLA00398,MLVMAPRTVLLLLWGAVALTETWAGSHSMRYFYTSVSRPGRGEPRFISVGYVDDTQFVRFDSDAASPREEPRAPWIEQEGPEYWDRNTQIYKAQAQTDRESLRNLRGYYNQSEAGSHTLQSMYGCDVGPDGRLLRGHNQYAYDGKDYIALNEDLRSWTAADTAAQISQRKLEAARVAEQLRAYLEGECVEWLRRYLENGKDKLERADPPKTHVTHHPISDHEATLRCWALGFYPAEITLTWQRDGEDQTQDTELVETRPAGDRTFQKWTAVVVPSGEEQRYTCHVQHEGLPKPLTLRWEPSSQSTVPIVGIVAGLAVLAVVVIGAVVAAVMCRRKSSGGKGGSYSQAACSDSAQGSDVSLTA,B*81:01:01:01,362,HLA-B*81:01,01:01
88,HLA:HLA00401,MRVMAPRTLILLLSGALALTETWACSHSMKYFFTSVSRPGRGEPRFISVGYVDDTQFVRFDSDAASPRGEPRAPWVEQEGPEYWDRETQKYKRQAQTDRVSLRNLRGYYNQSEAGSHTLQWMCGCDLGPDGRLLRGYDQYAYDGKDYIALNEDLRSWTAADTAAQITQRKWEAAREAEQRRAYLEGTCVEWLRRYLENGKETLQRAEHPKTHVTHHPVSDHEATLRCWALGFYPAEITLTWQWDGEDQTQDTELVETRPAGDGTFQKWAAVMVPSGEEQRYTCHVQHEGLPEPLTLRWEPSSQPTIPIVGIVAGLAVLAVLAVLGAVVAVVMCRRKSSGGKGGSCSQAASSNSAQGSDESLIACKA,C*01:02:01:01,366,HLA-C*01:02,01:01
89,HLA:HLA00411,MRVMAPRTLILLLSGALALTETWAGSHSMRYFYTAVSRPGRGEPHFIAVGYVDDTQFVRFDSDAASPRGEPRAPWVEQEGPEYWDRETQKYKRQAQTDRVSLRNLRGYYNQSEARSHIIQRMYGCDVGPDGRLLRGYDQYAYDGKDYIALNEDLRSWTAADTAAQITQRKWEAAREAEQLRAYLEGLCVEWLRRYLKNGKETLQRAEHPKTHVTHHPVSDHEATLRCWALGFYPAEITLTWQWDGEDQTQDTELVETRPAGDGTFQKWAAVVVPSGEEQRYTCHVQHEGLPEPLTLRWEPSSQPTIPIVGIVAGLAVLAVLAVLGAVVAVVMCRRKSSGGKGGSCSQAASSNSAQGSDESLIACKA,C*03:03:01:01,366,HLA-C*03:03,01:01
90,HLA:HLA00413,MRVMAPRTLILLLSGALALTETWAGSHSMRYFYTAVSRPGRGEPHFIAVGYVDDTQFVRFDSDAASPRGEPRAPWVEQEGPEYWDRETQKYKRQAQTDRVSLRNLRGYYNQSEAGSHIIQRMYGCDVGPDGRLLRGYDQYAYDGKDYIALNEDLRSWTAADTAAQITQRKWEAAREAEQLRAYLEGLCVEWLRRYLKNGKETLQRAEHPKTHVTHHPVSDHEATLRCWALGFYPAEITLTWQWDGEDQTQDTELVETRPAGDGTFQKWAAVVVPSGEEQRYTCHVQHEGLPEPLTLRWEPSSQPTIPIVGIVAGLAVLAVLAVLGAVVAVVMCRRKSSGGKGGSCSQAASSNSAQGSDESLIACKA,C*03:04:01:01,366,HLA-C*03:04,01:01
91,HLA:HLA00420,MRVMAPRTLILLLSGALALTETWAGSHSMRYFSTSVSWPGRGEPRFIAVGYVDDTQFVRFDSDAASPRGEPREPWVEQEGPEYWDRETQKYKRQAQADRVNLRKLRGYYNQSEDGSHTLQRMFGCDLGPDGRLLRGYNQFAYDGKDYIALNEDLRSWTAADTAAQITQRKWEAAREAEQRRAYLEGTCVEWLRRYLENGKETLQRAEHPKTHVTHHPVSDHEATLRCWALGFYPAEITLTWQWDGEDQTQDTELVETRPAGDGTFQKWAAVVVPSGEEQRYTCHVQHEGLPEPLTLRWKPSSQPTIPIVGIVAGLAVLAVLAVLGAMVAVVMCRRKSSGGKGGSCSQAASSNSAQGSDESLIACKA,C*04:01:01:01,366,HLA-C*04:01,01:01
92,HLA:HLA00427,MRVMAPRTLILLLSGALALTETWACSHSMRYFYTAVSRPGRGEPRFIAVGYVDDTQFVQFDSDAASPRGEPRAPWVEQEGPEYWDRETQKYKRQAQTDRVNLRKLRGYYNQSEAGSHTLQRMYGCDLGPDGRLLRGYNQFAYDGKDYIALNEDLRSWTAADKAAQITQRKWEAAREAEQRRAYLEGTCVEWLRRYLENGKKTLQRAEHPKTHVTHHPVSDHEATLRCWALGFYPAEITLTWQRDGEDQTQDTELVETRPAGDGTFQKWAAVVVPSGEEQRYTCHVQHEGLPEPLTLRWGPSSQPTIPIVGIVAGLAVLAVLAVLGAVMAVVMCRRKSSGGKGGSCSQAASSNSAQGSDESLIACKA,C*05:01:01:01,366,HLA-C*05:01,01:01
93,HLA:HLA00430,MRVMAPRTLILLLSGALALTETWACSHSMRYFDTAVSRPGRGEPRFISVGYVDDTQFVRFDSDAASPRGEPRAPWVEQEGPEYWDRETQKYKRQAQADRVNLRKLRGYYNQSEDGSHTLQWMYGCDLGPDGRLLRGYDQSAYDGKDYIALNEDLRSWTAADTAAQITQRKWEAAREAEQWRAYLEGTCVEWLRRYLENGKETLQRAEHPKTHVTHHPVSDHEATLRCWALGFYPAEITLTWQRDGEDQTQDTELVETRPAGDGTFQKWAAVVVPSGEEQRYTCHVQHEGLPEPLTLRWEPSSQPTIPIVGIVAGLAVLAVLAVLGAVMAVVMCRRKSSGGKGGSCSQAASSNSAQGSDESLIACKA,C*06:02:01:01,366,HLA-C*06:02,01:01
94,HLA:HLA00433,MRVMAPRALLLLLSGGLALTETWACSHSMRYFDTAVSRPGRGEPRFISVGYVDDTQFVRFDSDAASPRGEPRAPWVEQEGPEYWDRETQNYKRQAQADRVSLRNLRGYYNQSEDGSHTLQRMYGCDLGPDGRLLRGYDQSAYDGKDYIALNEDLRSWTAADTAAQITQRKLEAARAAEQLRAYLEGTCVEWLRRYLENGKETLQRAEPPKTHVTHHPLSDHEATLRCWALGFYPAEITLTWQRDGEDQTQDTELVETRPAGDGTFQKWAAVVVPSGQEQRYTCHMQHEGLQEPLTLSWEPSSQPTIPIMGIVAGLAVLVVLAVLGAVVTAMMCRRKSSGGKGGSCSQAACSNSAQGSDESLITCKA,C*07:01:01:01,366,HLA-C*07:01,01:01
95,HLA:HLA00434,MRVMAPRALLLLLSGGLALTETWACSHSMRYFDTAVSRPGRGEPRFISVGYVDDTQFVRFDSDAASPRGEPRAPWVEQEGPEYWDRETQKYKRQAQADRVSLRNLRGYYNQSEDGSHTLQRMSGCDLGPDGRLLRGYDQSAYDGKDYIALNEDLRSWTAADTAAQITQRKLEAARAAEQLRAYLEGTCVEWLRRYLENGKETLQRAEPPKTHVTHHPLSDHEATLRCWALGFYPAEITLTWQRDGEDQTQDTELVETRPAGDGTFQKWAAVVVPSGQEQRYTCHMQHEGLQEPLTLSWEPSSQPTIPIMGIVAGLAVLVVLAVLGAVVTAMMCRRKSSGGKGGSCSQAACSNSAQGSDESLITCKA,C*07:02:01:01,366,HLA-C*07:02,01:01
96,HLA:HLA00445,MRVMAPRTLILLLSGALALTETWACSHSMRYFYTAVSRPGRGEPRFIAVGYVDDTQFVQFDSDAASPRGEPRAPWVEQEGPEYWDRETQKYKRQAQTDRVSLRNLRGYYNQSEAGSHTLQRMYGCDLGPDGRLLRGYNQFAYDGKDYIALNEDLRSWTAADTAAQITQRKWEAARTAEQLRAYLEGTCVEWLRRYLENGKKTLQRAEHPKTHVTHHPVSDHEATLRCWALGFYPAEITLTWQRDGEDQTQDTELVETRPAGDGTFQKWAAVVVPSGEEQRYTCHVQHEGLPEPLTLRWGPSSQPTIPIVGIVAGLAVLAVLAVLGAVMAVVMCRRKSSGGKGGSCSQAASSNSAQGSDESLIACKA,C*08:01:01:01,366,HLA-C*08:01,01:01
97,HLA:HLA00446,MRVMAPRTLILLLSGALALTETWACSHSMRYFYTAVSRPGRGEPRFIAVGYVDDTQFVQFDSDAASPRGEPRAPWVEQEGPEYWDRETQKYKRQAQTDRVSLRNLRGYYNQSEAGSHTLQRMYGCDLGPDGRLLRGYNQFAYDGKDYIALNEDLRSWTAADKAAQITQRKWEAAREAEQRRAYLEGTCVEWLRRYLENGKKTLQRAEHPKTHVTHHPVSDHEATLRCWALGFYPAEITLTWQRDGEDQTQDTELVETRPAGDGTFQKWAAVVVPSGEEQRYTCHVQHEGLPEPLTLRWGPSSQPTIPIVGIVAGLAVLAVLAVLGAVMAVVMCRRKSSGGKGGSCSQAASSNSAQGSDESLIACKA,C*08:02:01:01,366,HLA-C*08:02,01:01
98,HLA:HLA00447,MRVMAPRTLILLLSGALALTETWACSHSMRYFYTAVSRPGRGEPRFIAVGYVDDTQFVQFDSDAASPRGEPRAPWVEQEGPEYWDRETQKYKRQAQTDRVSLRNLRGYYNQSEAGSHTLQRMYGCDLGPDGRLLRGYNQFAYDGKDYIALNEDLRSWTAADTAAQITQRKWEAARTAEQLRAYLEGTCVEWLRRYLENRKKTLQRAEHPKTHVTHHPVSDHEATLRCWALGFYPAEITLTWQRDGEDQTQDTELVETRPAGDGTFQKWAAVVVPSGEEQRYTCHVQHEGLPEPLTLRWGPSSQPTIPIVGIVAGLAVLAVLAVLGAVMAVVMCRRKSSGGKGGSCSQAASSNSAQGSDESLIACKA,C*08:03:01:01,366,HLA-C*08:03,01:01
99,HLA:HLA00453,MRVMAPRTLILLLSGALALTETWACSHSMRYFYTAVSRPGRGEPRFIAVGYVDDTQFVRFDSDAASPRGEPRAPWVEQEGPEYWDRETQKYKRQAQADRVSLRNLRGYYNQSEAGSHTLQRMYGCDLGPDGRLLRGYDQSAYDGKDYIALNEDLRSWTAADTAAQITQRKWEAAREAEQWRAYLEGTCVEWLRRYLENGKETLQRAEHPKTHVTHHPVSDHEATLRCWALGFYPAEITLTWQRDGEDQTQDTELVETRPAGDGTFQKWAAVVVPSGEEQRYTCHVQHEGLPEPLTLRWEPSSQPTIPIVGIVAGLAVLAVLAVLGAVMAVVMCRRKSSGGKGGSCSQAASSNSAQGSDESLIACKA,C*12:02:01,366,HLA-C*12:02,01
100,HLA:HLA00455,MRVMAPRTLILLLSGALALTETWACSHSMRYFYTAVSRPGRGEPRFIAVGYVDDTQFVRFDSDAASPRGEPRAPWVEQEGPEYWDRETQKYKRQAQADRVSLRNLRGYYNQSEAGSHTLQWMYGCDLGPDGRLLRGYDQSAYDGKDYIALNEDLRSWTAADTAAQITQRKWEAAREAEQWRAYLEGTCVEWLRRYLENGKETLQRAEHPKTHVTHHPVSDHEATLRCWALGFYPAEITLTWQRDGEDQTQDTELVETRPAGDGTFQKWAAVVVPSGEEQRYTCHVQHEGLPEPLTLRWEPSSQPTIPIVGIVAGLAVLAVLAVLGAVMAVVMCRRKSSGGKGGSCSQAASSNSAQGSDESLIACKA,C*12:03:01:01,366,HLA-C*12:03,01:01
101,HLA:HLA00462,MRVMAPRTLILLLSGALALTETWACSHSMRYFSTSVSRPGRGEPRFIAVGYVDDTQFVRFDSDAASPRGEPRAPWVEQEGPEYWDRETQKYKRQAQTDRVSLRNLRGYYNQSEAGSHTLQWMFGCDLGPDGRLLRGYDQSAYDGKDYIALNEDLRSWTAADTAAQITQRKWEAAREAEQRRAYLEGTCVEWLRRYLENGKETLQRAEHPKTHVTHHPVSDHEATLRCWALGFYPAEITLTWQWDGEDQTQDTELVETRPAGDGTFQKWAAVVVPSGEEQRYTCHVQHEGLPEPLTLRWEPSSQPTIPIVGIVAGLAVLAVLAVLGAVVAVVMCRRKSSGGKGGSCSQAASSNSAQGSDESLIACKA,C*14:02:01:01,366,HLA-C*14:02,01:01
102,HLA:HLA00467,MRVMAPRTLLLLLSGALALTETWACSHSMRYFYTAVSRPGRGEPHFIAVGYVDDTQFVRFDSDAASPRGEPRAPWVEQEGPEYWDRETQNYKRQAQTDRVNLRKLRGYYNQSEAGSHIIQRMYGCDLGPDGRLLRGHDQLAYDGKDYIALNEDLRSWTAADTAAQITQRKWEAAREAEQLRAYLEGTCVEWLRRYLENGKETLQRAEHPKTHVTHHPVSDHEATLRCWALGFYPAEITLTWQRDGEDQTQDTELVETRPAGDGTFQKWAAVVVPSGEEQRYTCHVQHEGLPEPLTLRWEPSSQPTIPIVGIVAGLAVLAVLAVLGAVMAVVMCRRKSSGGKGGSCSQAASSNSAQGSDESLIACKA,C*15:02:01:01,366,HLA-C*15:02,01:01
103,HLA:HLA00015,MAVMAPRTLVLLLSGALALTQTWAGSHSMRYFYTSVSRPGRGEPRFIAVGYVDDTQFVRFDSDAASQRMEPRAPWIEQEGPEYWDGETRKVKAHSQTHRVDLGTLRGYYNQSEAGSHTVQRMFGCDVGSDGRFLRGYHQYAYDGKDYIALKEDLRSWTAADMAAQTTKHKWEAAHVAEQLRAYLEGTCVEWLRRYLENGKETLQRTDAPKTHMTHHAVSDHEATLRCWALSFYPAEITLTWQRDGEDQTQDTELVETRPAGDGTFQKWAAVVVPSGQEQRYTCHVQHEGLPKPLTLRWEPSSQPTIPIVGIIAGLVLFGAVITGAVVAAVMWRRKSSDRKGGSYSQAASSDSAQGSDVSLTACKV,A*02:10,365,HLA-A*02:10,
104,HLA:HLA00017,MAVMAPRTLVLLLSGALALTQTWAGSHSMRYFFTSVSRPGRGEPRFIAVGYVDDTQFVRFDSDAASQRMEPRAPWIEQEGPEYWDGETRKVKAHSQTHRVDLGTLRGYYNQSEAGSHTVQRMYGCDVGSDWRFLRGYHQYAYDGKDYIALKEDLRSWTAADMAAQTTKHKWEAAHVAEQQRAYLEGTCVEWLRRYLENGKETLQRTDAPKTHMTHHAVSDHEATLRCWALSFYPAEITLTWQRDGEDQTQDTELVETRPAGDGTFQKWAAVVVPSGQEQRYTCHVQHEGLPKPLTLRWEPSSQPTIPIVGIIAGLVLFGAVITGAVVAAVMWRRKSSDRKGGSYSQAASSDSAQGSDVSLTACKV,A*02:12,365,HLA-A*02:12,
105,HLA:HLA00019,MAVMAPRTLVLLLSGALALTQTWAGSHSMRYFYTSVSRPGRGEPRFIAVGYVDDTQFVRFDSDAASRRMEPRAPWIEQEGPEYWDGETRKVKAHSQTHRVDLGTLRGYYNQSEAGSHTLQRMYGCDVGSDWRFLRGYHQYAYDGKDYIALKEDLRSWTAADMAAQTTKHKWEAAHVAEQLRAYLEGTCVEWLRRYLENGKETLQRTDAPKTHMTHHAVSDHEATLRCWALSFYPAEITLTWQRDGEDQTQDTELVETRPAGDGTFQKWAAVVVPSGQEQRYTCHVQHEGLPKPLTLRWEPSSQPTIPIVGIIAGLVLFGAVITGAVVAAVMWRRKSSDRKGGSYSQAASSDSAQGSDVSLTACKV,A*02:14,365,HLA-A*02:14,
106,HLA:HLA00021,MAVMAPRTLVLLLSGALALTQTWAGSHSMRYFFTSVSRPGRGEPRFIAVGYVDDTQFVRFDSDAASQRMEPRAPWIEQEGPEYWDGETRKVKAHSQTHRVDLGTLRGYYNQSEAGSHTVQRMYGCDVGSDWRFLRGYHQYAYDGKDYIALKEDLRSWTAADMAAQTTKHKWEAAHVAEQLRAYLEGECVEWLRRYLENGKETLQRTDAPKTHMTHHAVSDHEATLRCWALSFYPAEITLTWQRDGEDQTQDTELVETRPAGDGTFQKWAAVVVPSGQEQRYTCHVQHEGLPKPLTLRWEPSSQPTIPIVGIIAGLVLFGAVITGAVVAAVMWRRKSSDRKGGSYSQAASSDSAQGSDVSLTACKV,A*02:16,365,HLA-A*02:16,
107,HLA:HLA00025,MAVMAPRTLVLLLSGALALTQTWAGSHSMRYFFTSVSRPGRGEPRFIAVGYVDDTQFVRFDSDAASQRMEPRAPWIEQEGPEYWDGETRKVKAHSQTHRVDLGTLRGYYNQSEAGSHTVQRMYGCDVGSDWRFLRGYHQYAYDGKDYIALKEDLRSWTAADMAAQITKRKWEAAHVAEQQRAYLEGTCVDGLRRYLENGKETLQRTDPPKTHMTHHPISDHEATLRCWALGFYPAEITLTWQRDGEDQTQDTELVETRPAGDGTFQKWAAVVVPSGEEQRYTCHVQHEGLPKPLTLRWEPSSQPTVPIVGIIAGLVLLGAVITGAVVAAVMWRRNSSDRKGGSYSQAASSDSAQGSDVSLTACKV,A*02:19,365,HLA-A*02:19,
108,HLA:HLA01431,SHSMRYFFTSMSRPGRGEPRFIAVGYVDDTQFVRFDSDAASQRMEPRAPWIEQEGPEYWDGETRKVKAHSQTHRVDLGTLRGYYNQSEAGSHTIQRMYGCDVGPDGRFLRGYHQYAYDGKDYIALKEDLRSWTAADMAAQTTKHKWEAAHVAEQWRAYLEGTCVEWLRRYLENGKETLQRT,A*02:50,181,HLA-A*02:50,
109,HLA:HLA02322,SHSMRYFFTSVSRPGRGEPRFIAVGYVDDTQFVRFDSDAASQRMEPRAPWIEQEGPEYWDQETRNVKAQSQTDRVDLGTLRGYYNQSEAGSHTIQIMFGCDVGSDGRFLRGYHQYAYDGKDYIALNEDLRSWTAADMAAQITKRKWEAAHEAEQLRAYLDGTCVEWLRRYLENGKETLQRT,A*03:19,181,HLA-A*03:19,
110,HLA:HLA00091,MAVMAPRTLLLLLSGALALTQTWAGSHSMRYFSTSVSRPGSGEPRFIAVGYVDDTQFVRFDSDAASQRMEPRAPWIEQEGPEYWDQETRNVKAHSQTDRENLGTLRGYYNQSEAGSHTIQIMYGCDVGSDGRFLRGYEQHAYDGKDYIALNEDLRSWTAADMAAQITQRKWEAARRAEQLRAYLEGTCVEWLRRYLENGKETLQRTDPPKTHMTHHPISDHEATLRCWALGFYPAEITLTWQRDGEDQTQDTELVETRPAGDGTFQKWAAVVVPSGEEQRYTCHVQHEGLPKPLTLRWELSSQPTIPIVGIIAGLVLLGAVITGAVVAAVMWRRKSSDRKGGSYTQAASSDSAQGSDVSLTACKV,A*30:03,365,HLA-A*30:03,
111,HLA:HLA01463,MAVMAPRTLLLLLLGALALTQTWAGSHSMRYFSTSVSRPGRGEPRFIAVGYVDDTQFVRFDSDAASQRMEPRAPWIEQEGPEYWDQETRNVKAHSQTDRESLRIALRYYNQSEAGSHTIQMMYGCDVGPDGRLLRGYQQDAYDGKDYIALNEDLRSWTAADMAAQITQRKWEAARVAEQLRAYLEGTCVEWLRRYLENGKETLQRTDAPKTHMTHHAVSDHEATLRCWALSFYPAEITLTWQRDGEDQTQDTELVETRPAGDGTFQKWASVVVPSGQEQRYTCHVQHEGLPKPLTLRWEPSSQPTIPIVGIIAGLVLFGAMFAGAVVAAVRWRRKSSDRKGGSYSQAASSDSAQGSDMSLTACKV,A*32:07,365,HLA-A*32:07,
112,HLA:HLA02798,MAVMAPRTLLLLLLGALALTQTWAGSHSMRYFFTSVSRPGRGEPRFIAVGYVDDTQFVRFDSDAASQRMEPRAPWIEQEGPEYWDRNTRNVKAHSQTDRESLRIALRYYNQSEAGSHTIQMMYGCDVGPDGRLLRGYQQDAYDGKDYIALNEDLRSWTAADMAAQITQRKWEAARVAEQLRAYLEGTCVEWLRRYLENGKETLQRTDAPKTHMTHHAVSDHEATLRCWALSFYPAEITLTWQRDGEDQTQDTELVETRPAGDGTFQKWASVVVPSGQEQRYTCHVQHEGLPKPLTLRWEPSSQPTIPIVGIIAGLVLFGAMFAGAVVAAVRWRRKSSDRKGGSYSQAASSDSAQGSDMSLTACKV,A*32:15,365,HLA-A*32:15,
113,HLA:HLA01652,MAVMAPRTLVLLLSGALALTQTWAGSHSMRYFYTSVSRPGRGEPRFIAVGYVDDTQFVRFDSDAASQRMEPRAPWIEQEGPEYWDRNTRNVKAQSQTDRVDLGTLRGYYNQSEAGSHTIQRMYGCDVGSDGRFLRGYRQDAYDGKDYIALKEDLRSWTAADMAAQTTKHKWEAAHVAEQWRAYLEGTCVEWLRRYLENGKETLQRTDAPKTHMTHHAVSDHEATLRCWALSFYPAEITLTWQRDGEDQTQDTELVETRPAGDGTFQKWVAVVVPSGQEQRYTCHVQHEGLPKPLTLRWEPSSQPTIPIVGIIAGLVLFGAVITGAVVAAVMWRRKSSDRKGGSYSQAASSDSAQGSDVSLTACKV,A*68:23,365,HLA-A*68:23,
114,HLA:HLA00147,MLVMAPRTVLLLLSAALALTETWAGSHSMRYFDTAMSRPGRGEPRFISVGYVDDTQFVRFDSDAASPREEPRAPWIEQEGPEYWDRNTQIFKTNTQTDRENLRTALRYYNQSEAGSHTLQSMYGCDVGPDGRLLRGHNQYAYDGKDYIALNEDLRSWTAADTAAQITQRKWEAARVAEQDRAYLEGTCVEWLRRYLENGKDTLERADPPKTHVTHHPISDHEATLRCWALGFYPAEITLTWQRDGEDQTQDTELVETRPAGDRTFQKWAAVVVPSGEEQRYTCHVQHEGLPKPLTLRWEPSSQSTVPIVGIVAGLAVLAVVVIGAVVAAVMCRRKSSGGKGGSYSQAACSDSAQGSDVSLTA,B*08:02,362,HLA-B*08:02,
115,HLA:HLA00148,SHSMRYFDTAMSRPGRGEPRFISVGYVDDTQFVRFDSDAASPREEPRAPWIEQEGPEYWDRNTQIFKTNTQTYRENLRIALRYYNQSEAGSHTLQSMYGCDVGPDGRLLRGHNQYAYDGKDYIALNEDLRSWTAADTAAQITQRKWEAARVAEQDRAYLEGTCVEWLRRYLENGKDTLERA,B*08:03,181,HLA-B*08:03,
116,HLA:HLA00205,MRVTAPRTVLLLLSGALALTETWAGSHSMRYFYTAMSRPGRGEPRFIAVGYVDDTQFVRFDSDAASPRMAPRAPWIEQEGPEYWDRETQISKTNTQTYRESLRNLRGYYNQSEAGSHTWQTMYGCDLGPDGRLLRGHNQLAYDGKDYIALNEDLSSWTAADTAAQITQRKWEAAREAEQLRAYLEGTCVEWLRRYLENGKETLQRADPPKTHVTHHPISDHEATLRCWALGFYPAEITLTWQRDGEDQTQDTELVETRPAGDRTFQKWAAVVVPSGEEQRYTCHVQHEGLPKPLTLRWEPSSQSTIPIVGIVAGLAVLAVVVIGAVVATVMCRRKSSGGKGGSYSQAASSDSAQGSDVSLTA,B*15:42,362,HLA-B*15:42,
117,HLA:HLA00220,MRVTAPRTLLLLLWGAVALTETWAGSHSMRYFHTSVSRPGRGEPRFITVGYVDDTLFVRFDSDAASPREEPRAPWIEQEGPEYWDRETQICKAKAQTYRENLRTALRYYNQSEAGSHTLQNMYGCDVGPDGRLLRGYHQDAYDGKDYIALNEDLSSWTAADTAAQITQRKWEAARVAEQLRAYLEGECVEWLRRYLENGKETLQRADPPKTHVTHHPISDHEATLRCWALGFYPAEITLTWQRDGEDQTQDTELVETRPAGDRTFQKWAAVVVPSGEEQRYTCHVQHEGLPKPLTLRWEPSSQSTVPIVGIVAGLAVLAVVVIGAVVAAVMCRRKSSGGKGGSYSQAACSDSAQGSDVSLTA,B*27:01,362,HLA-B*27:01,
118,HLA:HLA00222,MRVTAPRTLLLLLWGAVALTETWAGSHSMRYFHTSVSRPGRGEPRFITVGYVDDTLFVRFDSDAASPREEPRAPWIEQEGPEHWDRETQICKAKAQTDREDLRTLLRYYNQSEAGSHTLQNMYGCDVGPDGRLLRGYHQDAYDGKDYIALNEDLSSWTAADTAAQITQRKWEAARVAEQLRAYLEGECVEWLRRYLENGKETLQRADPPKTHVTHHPISDHEATLRCWALGFYPAEITLTWQRDGEDQTQDTELVETRPAGDRTFQKWAAVVVPSGEEQRYTCHVQHEGLPKPLTLRWEPSSQSTVPIVGIVAGLAVLAVVVIGAVVAAVMCRRKSSGGKGGSYSQAACSDSAQGSDVSLTA,B*27:03,362,HLA-B*27:03,
119,HLA:HLA00230,MRVTAPRTLLLLLWGAVALTETWAGSHSMRYFHTSVSRPGRGEPRFITVGYVDDTLFVRFDSDAASPREEPRAPWIEQEGPEYWDRETQICKAKAQTDREDLRTLLRYYNQSEAGSHTLQNMYGCDVGPDGRLLRGYHQHAYDGKDYIALNEDLSSWTAADTAAQITQRKWEAARVAEQLRAYLEGECVEWLRRYLENGKETLQRADPPKTHVTHHPISDHEATLRCWALGFYPAEITLTWQRDGEDQTQDTELVETRPAGDRTFQKWAAVVVPSGEEQRYTCHVQHEGLPKPLTLRWEPSSQSTVPIVGIVAGLAVLAVVVIGAVVAAVMCRRKSSGGKGGSYSQAACSDSAQGSDVSLTA,B*27:09,362,HLA-B*27:09,
120,HLA:HLA00231,MRVTAPRTLLLLLWGAVALTETWAGSHSMRYFHTSVSRPGRGEPRFITVGYVDDTLFVRFDSDAASPREEPRAPWIEQEGPEYWDRETQICKAKAQTDREDLRTLLRYYNQSEAGSHTLQNMYGCDVGPDGRLLRGYHQDAYDGKDYIALNEDLSSWTAADTAAQITQRKWEAAREAEQLRAYLEGECVEWLRRYLENGKETLQRADPPKTHVTHHPISDHEATLRCWALGFYPAEITLTWQRDGEDQTQDTELVETRPAGDRTFQKWAAVVVPSGEEQRYTCHVQHEGLPKPLTLRWEPSSQSTVPIVGIVAGLAVLAVVVIGAVVAAVMCRRKSSGGKGGSYSQAACSDSAQGSDVSLTA,B*27:10,362,HLA-B*27:10,
121,HLA:HLA01173,MRVTAPRTLLLLLWGAVALTETWAGSHSMRYFHTSVSRPGRGEPRFITVGYVDDTLFVRFDSDAASPREEPRAPWIEQEGPEYWDRETQICKAKAQTDRESLRTLLRYYNQSEAGSHTLQNMYGCDVGPDGRLLRGHNQYAYDGKDYIALNEDLRSWTAADTAAQITQRKWEAAREAEQLRAYLEGECVEWLRRYLENGKETLQRADPPKTHVTHHPISDHEATLRCWALGFYPGEITLTWQRDGEDQTQDTELVETRPAGDRTFQKWAAVVVPSGEEQRYTCHVQHEGLPKPLTLRWEPSSQSTVPIVGIVAGLAVLAVVVIGAVVAAVMCRRKSSGGKGGSYSQAACSDSAQGSDVSLTA,B*27:20,362,HLA-B*27:20,
122,HLA:HLA00304,MRVTAPRTLLLLLWGAVALTETWAGSHSMRYFHTSVSRPGRGEPRFITVGYVDDTLFVRFDSDATSPRKEPRAPWIEQEGPEYWDRETQIFKTNTQTYRENLRIALRYYNQSEAGSHTLQSMYGCDVGPDGRLLRGHNQYAYDGKDYIALNEDLRSWTAADTAAQITQRKWEAARVAEQLRAYLEGECVEWLRRYLENGKETLQRADPPKTHVTHHPISDHEATLRCWALGFYPAEITLTWQRDGEDQTQDTELVETRPAGDRTFQKWAAVVVPSGEEQRYTCHVQHEGLPKPLTLRWEPSSQSTVPIVGIVAGLAVLAVVVIGAVVAAVMCRRKSSGGKGGSYSQAACSDSAQGSDVSLTA,B*40:13,362,HLA-B*40:13,
123,HLA:HLA01607,SHSMRYFHTAMSRPGRGEPRFITVGYVDDTLFVRFDSDATSPRKEPRAPWIEQEGPEYWDRETQIYKAQAQTDRESLRNLRGYYNQSEAGSHTWQRMYGCDLGPDGRLLRGYNQLAYDGKDYIALNEDLSSWTAADTAAQITQRKWEAARVAEQDRAYLEGLCVESLRRYLENGKETLQRA,B*45:06,181,HLA-B*45:06,
124,HLA:HLA01135,MRVTAPRTLLLLLWGAVALTETWAGSHSMRYFYTAMSRPGRGEPRFISVGYVDDTQFVRFDSDAASPREEPRAPWIEQEGPEYWDRNTQIYKAQAQTDRESLRNLRGYYNQSEAGSHIIQRMYGCDVGPDGRLLRGYDQDAYDGKDYIALNEDLSSWTAADTAAQITQRKWEAARVAEQDRAYLEGLCVESLRRYLENGKETLQRADPPKTHVTHHPISDHEVTLRCWALGFYPAEITLTWQRDGEDQTQDTELVETRPAGDRTFQKWAAVVVPSGEEQRYTCHVQHEGLPKPLTLRWEPSSQSTVPIVGIVAGLAVLAVVVIGAVVAAVMCRRKSSGGKGGSYSQAACSDSAQGSDVSLTA,B*83:01,362,HLA-B*83:01,
125,HLA:HLA00023,MAVMAPRTLVLLLSGALALTQTWAGSHSMRYFFTSVSRPGRGEPRFIAVGYVDDTQFVRFDSDAASQRMEPRAPWIEQEGPEYWDGETRKVKAHSQTHRVDLGTLRGYYNQSEAGSHTLQMMFGCDVGSDWRFLRGYHQYAYDGKDYIALKEDLRSWTAADMAAQTTKHKWEAAHVAEQLRAYLEGTCVEWLRRYLENGKETLQRTDAPKTHMTHHAVSDHEATLRCWALSFYPAEITLTWQRDGEDQTQDTELVETRPAGDGTFQKWAAVVVPSGQEQRYTCHVQHEGLPKPLTLRWEPSSQPTIPIVGIIAGLVLFGAVITGAVVAAVMWRRKSSDRKGGSYSQAASSDSAQGSDVSLTACKV,A*02:17:02:01,365,HLA-A*02:17,02:01
126,HLA:HLA00097,MAVMAPRTLLLLLLGALALTQTWAGSHSMRYFTTSVSRPGRGEPRFIAVGYVDDTQFVRFDSDAASQRMEPRAPWIEQERPEYWDQETRNVKAHSQIDRVDLGTLRGYYNQSEAGSHTIQMMYGCDVGSDGRFLRGYQQDAYDGKDYIALNEDLRSWTAADMAAQITQRKWEAARVAEQLRAYLEGTCVEWLRRYLENGKETLQRTDPPKTHMTHHAVSDHEATLRCWALSFYPAEITLTWQRDGEDQTQDTELVETRPAGDGTFQKWASVVVPSGQEQRYTCHVQHEGLPKPLTLRWEPSSQPTIPIVGIIAGLVLFGAVFAGAVVAAVRWRRKSSDRKGGSYSQAASSDSAQGSDMSLTACKV,A*31:01:02:01,365,HLA-A*31:01,02:01
127,HLA:HLA00225,MRVTAPRTLLLLLWGAVALTETWAGSHSMRYFHTSVSRPGRGEPRFITVGYVDDTLFVRFDSDAASPREEPRAPWIEQEGPEYWDRETQICKAKAQTDREDLRTLLRYYNQSEAGSHTLQNMYGCDVGPDGRLLRGYHQDAYDGKDYIALNEDLSSWTAADTAAQITQRKWEAARVAEQLRAYLEGECVEWLRRYLENGKETLQRADPPKTHVTHHPISDHEATLRCWALGFYPAEITLTWQRDGEDQTQDTELVETRPAGDRTFQKWAAVVVPSGEEQRYTCHVQHEGLPKPLTLRWEPSSQSTVPIVGIVAGLAVLAVVVIGAVVAAVMCRRKSSGGKGGSYSQAACSDSAQGSDVSLTA,B*27:05:02:01,362,HLA-B*27:05,02:01
